0,Belgium
1,Botswana
2,Botswana
3,Botswana
4,Botswana
5,Botswana
6,Botswana
7,Botswana
8,Botswana
9,Botswana
10,Botswana
11,Botswana
12,Botswana
13,Botswana
14,Botswana
15,Botswana
16,Botswana
17,Botswana
18,Botswana
19,Botswana
20,Botswana
21,Botswana
22,Botswana
23,Botswana
24,Botswana
25,Botswana
26,Botswana
27,Botswana
28,Czech Rep.
29,Czech Rep.
30,Czech Rep.
31,Czech Rep.
32,Czech Rep.
33,Czech Rep.
34,Czech Rep.
35,Czech Rep.
36,Czech Rep.
37,Czech Rep.
38,Czech Rep.
39,Eritrea
40,Eritrea
41,Ethiopia
43,India
44,India
45,India
46,India
47,India
48,Italy
49,Italy
50,Italy
51,Italy
52,Italy
53,Italy
54,Italy
55,Italy
56,Kenya
57,Malawi
58,Malawi
59,Malawi
60,Malawi
61,Malawi
62,Malawi
63,Malawi
64,Malawi
65,Malawi
66,Malawi
67,Malawi
68,Malawi
69,Malawi
70,Malawi
71,Malawi
72,Malawi
73,Malawi
74,Malawi
75,Malawi
76,Malawi
77,Malawi
78,Malawi
79,Malawi
80,Malawi
81,Malawi
82,Malawi
83,Malawi
84,Malawi
85,Malawi
86,Malawi
87,Malawi
88,Malawi
89,Malawi
90,Malawi
91,Malawi
92,Malawi
93,Malawi
94,Malawi
95,Malawi
96,Malawi
97,Malawi
98,Malawi
99,Malawi
101,Portugal
102,Russian Federation
103,Sweden
104,Sweden
105,Sweden
106,Sweden
107,Sweden
108,Sweden
109,Sweden
110,Sweden
111,Sweden
112,Sweden
113,Sweden
114,Sweden
115,Senegal
116,Yemen
117,Yemen
118,Yemen
119,South Africa
120,South Africa
121,South Africa
122,South Africa
123,South Africa
124,South Africa
125,South Africa
126,South Africa
127,South Africa
128,South Africa
129,South Africa
130,South Africa
131,South Africa
132,South Africa
133,South Africa
134,South Africa
135,South Africa
136,South Africa
137,South Africa
138,South Africa
139,South Africa
140,South Africa
141,South Africa
142,South Africa
143,Zambia
144,Argentina
145,Argentina
146,Argentina
147,Belgium
148,Brazil
149,Brazil
150,Brazil
151,Brazil
152,Botswana
153,Botswana
154,Botswana
155,Botswana
156,Botswana
157,Botswana
158,Botswana
159,Botswana
160,Botswana
161,Botswana
162,Botswana
163,Botswana
164,Botswana
165,Botswana
166,Botswana
167,Botswana
168,Botswana
169,Botswana
170,Botswana
171,Botswana
172,Botswana
173,Botswana
174,Botswana
175,Botswana
176,Botswana
177,Botswana
178,Botswana
179,Botswana
180,Botswana
181,Botswana
182,Botswana
183,Botswana
184,Botswana
185,Botswana
186,Botswana
187,Botswana
188,Botswana
189,Botswana
190,Botswana
191,Botswana
192,Botswana
193,Botswana
194,Botswana
195,Botswana
196,Botswana
197,Botswana
198,Botswana
199,Botswana
200,Botswana
201,Botswana
202,Botswana
203,Botswana
204,Botswana
205,Botswana
206,Botswana
207,Botswana
208,Botswana
209,Botswana
210,Botswana
211,Botswana
212,Botswana
213,Botswana
214,Botswana
215,Botswana
216,Botswana
217,Botswana
218,Botswana
219,Botswana
220,Botswana
221,Botswana
224,Denmark
225,Denmark
226,France
227,France
228,India
229,India
230,India
231,India
232,Nigeria
233,Nigeria
234,Sweden
235,Sweden
236,Sweden
237,Sweden
238,Sweden
239,Sweden
240,Sweden
241,Tanzania
242,Tanzania
243,Tanzania
244,Tanzania
245,Tanzania
246,Tanzania
247,Tanzania
248,Tanzania
249,Tanzania
250,Tanzania
251,Tanzania
252,Tanzania
254,Ukraine
255,Ukraine
256,Ukraine
257,United States
258,United States
259,Uruguay
260,Uruguay
261,Yemen
262,Yemen
263,South Africa
264,South Africa
265,South Africa
266,South Africa
267,South Africa
268,South Africa
269,South Africa
270,South Africa
271,South Africa
272,South Africa
273,South Africa
274,South Africa
275,South Africa
276,South Africa
277,South Africa
278,South Africa
279,South Africa
280,South Africa
281,South Africa
282,South Africa
283,South Africa
284,South Africa
285,South Africa
286,South Africa
287,South Africa
288,South Africa
289,South Africa
290,South Africa
291,South Africa
292,South Africa
293,South Africa
294,South Africa
295,South Africa
296,South Africa
297,South Africa
298,South Africa
299,South Africa
300,South Africa
301,South Africa
302,South Africa
303,South Africa
304,South Africa
305,South Africa
306,South Africa
307,South Africa
308,South Africa
309,South Africa
310,South Africa
311,South Africa
312,South Africa
313,South Africa
314,South Africa
315,South Africa
316,South Africa
317,South Africa
318,South Africa
319,South Africa
320,South Africa
321,South Africa
322,South Africa
323,South Africa
324,South Africa
325,South Africa
326,South Africa
327,South Africa
328,South Africa
329,South Africa
330,South Africa
331,South Africa
332,South Africa
333,South Africa
334,South Africa
335,South Africa
336,South Africa
337,South Africa
338,South Africa
339,South Africa
340,South Africa
341,Zambia
342,Zambia
343,Zambia
344,Zambia
345,Zambia
346,Zambia
347,Zimbabwe
348,Zimbabwe
349,Zimbabwe
350,Argentina
351,Belgium
352,Burundi
353,Burundi
354,Burundi
355,Burundi
356,Burundi
357,Burundi
358,Burundi
359,Burundi
360,Burundi
361,Burundi
362,Burundi
363,Burundi
364,Burundi
365,Burundi
366,Burundi
367,Burundi
368,Burundi
369,Burundi
370,Burundi
371,Burundi
372,Burundi
373,Burundi
374,Burundi
375,Burundi
376,Burundi
377,Burundi
378,Burundi
379,Burundi
380,Burundi
381,Burundi
382,Burundi
383,Burundi
384,Burundi
385,Burundi
386,Burundi
387,Burundi
388,Burundi
389,Burundi
390,Burundi
391,Burundi
392,Burundi
393,Burundi
394,Burundi
395,Burundi
396,Burundi
397,Burundi
398,Burundi
399,Burundi
400,Burundi
401,Burundi
402,Burundi
403,Burundi
404,Burundi
405,Burundi
406,Burundi
407,Burundi
408,Burundi
409,Burundi
410,Burundi
411,Burundi
412,Burundi
413,Burundi
414,Burundi
415,Burundi
416,Burundi
417,Burundi
418,Burundi
419,Burundi
420,Burundi
421,Burundi
422,Burundi
423,Burundi
424,Burundi
425,Burundi
426,Burundi
427,Burundi
428,Burundi
429,Burundi
430,Burundi
431,Burundi
432,Burundi
433,Burundi
434,Burundi
435,Burundi
436,Burundi
437,Burundi
438,Burundi
439,Burundi
440,Burundi
441,Burundi
442,Burundi
443,Brazil
444,Brazil
445,Brazil
446,Brazil
447,Brazil
448,Brazil
449,Brazil
450,Brazil
451,Brazil
452,Brazil
453,Brazil
454,Brazil
455,Brazil
456,Brazil
457,Dem. Rep. of Congo
458,Dem. Rep. of Congo
459,Dem. Rep. of Congo
460,Dem. Rep. of Congo
461,Dem. Rep. of Congo
462,Dem. Rep. of Congo
463,Dem. Rep. of Congo
465,Denmark
466,Spain
467,Ethiopia
468,France
469,India
470,India
471,India
472,India
473,India
474,India
475,Malawi
476,Malawi
477,Malawi
478,Malawi
479,Malawi
480,Malawi
481,Malawi
482,Malawi
483,Malawi
484,Malawi
485,Malawi
486,Malawi
487,Malawi
488,Malawi
489,Malawi
490,Malawi
491,Malawi
492,Malawi
493,Malawi
494,Malawi
495,Malawi
496,Malawi
497,Malawi
498,Malawi
499,Malawi
500,Malawi
501,Malawi
502,Mozambique
503,Mozambique
504,Mozambique
505,Mozambique
506,Mozambique
507,Mozambique
508,Mozambique
509,Mozambique
510,Mozambique
511,Mozambique
512,Mozambique
513,Mozambique
514,Mozambique
515,Mozambique
516,Mozambique
517,Mozambique
518,Mozambique
519,Mozambique
520,Mozambique
521,Mozambique
522,Mozambique
523,Mozambique
524,Mozambique
525,Mozambique
526,Mozambique
527,Mozambique
528,Mozambique
529,Mozambique
530,Mozambique
531,Mozambique
532,Mozambique
533,Mozambique
534,Mozambique
535,Mozambique
536,Senegal
537,Senegal
538,Senegal
539,Swaziland
540,Swaziland
541,Swaziland
542,Swaziland
543,Swaziland
544,Swaziland
545,Swaziland
546,Swaziland
547,Swaziland
548,Swaziland
549,Swaziland
550,Swaziland
551,Swaziland
552,Swaziland
553,Swaziland
554,Swaziland
555,Swaziland
556,Swaziland
557,Swaziland
558,Swaziland
559,Swaziland
560,Swaziland
561,Swaziland
562,Swaziland
563,Swaziland
564,Swaziland
565,Swaziland
566,Swaziland
567,Swaziland
568,Swaziland
569,Swaziland
570,Swaziland
571,Swaziland
572,Swaziland
573,Swaziland
574,Swaziland
575,Swaziland
576,Swaziland
577,Swaziland
578,Swaziland
579,Swaziland
580,Swaziland
581,Swaziland
582,Swaziland
583,Swaziland
584,Swaziland
585,Swaziland
586,Tanzania
587,Tanzania
588,Tanzania
589,Tanzania
590,Tanzania
591,Tanzania
592,Uganda
593,Yemen
594,Yemen
595,South Africa
596,South Africa
597,South Africa
598,South Africa
599,South Africa
600,South Africa
601,South Africa
602,South Africa
603,South Africa
604,South Africa
605,South Africa
606,South Africa
607,South Africa
608,South Africa
609,South Africa
610,South Africa
611,South Africa
612,South Africa
613,South Africa
614,South Africa
615,South Africa
616,South Africa
617,South Africa
618,South Africa
619,South Africa
620,South Africa
621,South Africa
622,South Africa
623,South Africa
624,South Africa
625,South Africa
626,South Africa
627,South Africa
628,South Africa
629,South Africa
630,South Africa
631,South Africa
632,South Africa
633,South Africa
634,South Africa
635,South Africa
636,South Africa
637,South Africa
638,South Africa
639,South Africa
640,South Africa
641,South Africa
642,South Africa
643,South Africa
644,South Africa
645,South Africa
646,South Africa
647,South Africa
648,South Africa
649,South Africa
650,South Africa
651,South Africa
652,South Africa
653,South Africa
654,South Africa
655,South Africa
656,South Africa
657,South Africa
658,South Africa
659,South Africa
660,South Africa
661,South Africa
662,South Africa
663,South Africa
664,South Africa
665,South Africa
666,South Africa
667,South Africa
668,South Africa
669,South Africa
670,South Africa
671,South Africa
672,South Africa
673,South Africa
674,South Africa
675,South Africa
676,South Africa
677,South Africa
678,South Africa
679,South Africa
680,South Africa
681,South Africa
682,South Africa
683,South Africa
684,South Africa
685,South Africa
686,South Africa
687,South Africa
688,South Africa
689,South Africa
690,South Africa
691,South Africa
692,South Africa
693,South Africa
694,South Africa
695,South Africa
696,South Africa
697,South Africa
698,South Africa
699,South Africa
700,South Africa
701,South Africa
702,South Africa
703,South Africa
704,South Africa
705,South Africa
706,South Africa
707,South Africa
708,South Africa
709,South Africa
710,South Africa
711,South Africa
712,South Africa
713,South Africa
714,South Africa
715,South Africa
716,South Africa
717,South Africa
718,South Africa
719,South Africa
720,South Africa
721,South Africa
722,South Africa
723,South Africa
724,South Africa
725,South Africa
726,South Africa
727,South Africa
728,South Africa
729,Zambia
730,Zambia
731,Zambia
732,Zambia
733,Zambia
734,Zambia
735,Zambia
736,Argentina
738,Belgium
739,Belgium
740,Belgium
741,Belgium
742,Belgium
743,Belgium
744,Belgium
745,Belgium
746,Belgium
747,Belgium
748,Belgium
749,Belgium
750,Belgium
751,Belgium
752,Belgium
753,Belgium
754,Belgium
755,Belgium
756,Belgium
757,Belgium
758,Belgium
759,Belgium
760,Brazil
761,Brazil
762,Brazil
763,Brazil
764,Brazil
765,Brazil
766,Brazil
767,Brazil
768,Brazil
769,Brazil
770,Cuba
771,Cuba
772,Cuba
773,Cuba
774,Cuba
775,Cuba
776,Cuba
777,Cuba
778,Cuba
779,Cuba
780,Cuba
781,Cuba
782,Cuba
783,Cuba
784,Cuba
785,Cuba
786,Cuba
787,Cuba
788,Cuba
789,Cuba
790,Cuba
791,Cuba
792,Cuba
793,Cuba
794,Cyprus
795,Germany
796,Germany
797,Germany
798,Germany
799,Denmark
800,Denmark
801,Denmark
802,Denmark
803,Denmark
804,Denmark
805,Denmark
806,Denmark
807,Denmark
808,Denmark
809,Denmark
810,Denmark
811,Spain
812,Ethiopia
813,Ethiopia
814,Ethiopia
815,Ethiopia
816,Ethiopia
817,Ethiopia
818,Ethiopia
819,Ethiopia
820,Ethiopia
821,Ethiopia
822,Ethiopia
823,Ethiopia
824,Ethiopia
825,Ethiopia
826,Ethiopia
827,Ethiopia
828,Ethiopia
829,Ethiopia
830,Ethiopia
831,Ethiopia
832,Ethiopia
833,Ethiopia
834,Ethiopia
835,Ethiopia
836,Ethiopia
837,Ethiopia
838,Ethiopia
839,Ethiopia
840,Ethiopia
841,Ethiopia
842,Ethiopia
843,Ethiopia
844,Ethiopia
845,Ethiopia
846,Ethiopia
847,Ethiopia
848,Ethiopia
849,Ethiopia
850,Ethiopia
851,Ethiopia
852,Ethiopia
853,Ethiopia
854,Ethiopia
855,Ethiopia
856,Ethiopia
857,Ethiopia
858,Ethiopia
859,Ethiopia
860,Ethiopia
861,Ethiopia
862,Ethiopia
863,Ethiopia
864,Ethiopia
865,Ethiopia
866,Ethiopia
867,Ethiopia
868,Ethiopia
869,Ethiopia
870,Ethiopia
871,Ethiopia
872,Ethiopia
873,Ethiopia
874,Ethiopia
875,Ethiopia
876,Ethiopia
877,Ethiopia
878,Ethiopia
879,Ethiopia
880,Ethiopia
881,Ethiopia
882,Ethiopia
883,Ethiopia
884,Ethiopia
885,Ethiopia
886,Ethiopia
887,Ethiopia
888,Ethiopia
889,Ethiopia
890,Ethiopia
891,Ethiopia
892,Ethiopia
893,Ethiopia
894,Ethiopia
895,Ethiopia
896,Ethiopia
897,Ethiopia
898,Finland
899,France
900,United Kingdom
901,United Kingdom
902,Georgia
903,Greece
904,Greece
905,Honduras
906,India
907,Italy
908,Luxembourg
909,Mozambique
910,Mozambique
911,Mozambique
912,Mozambique
913,Mozambique
914,Mozambique
915,Mozambique
916,Mozambique
917,Mozambique
918,Mozambique
919,Mozambique
920,Mozambique
921,Mozambique
922,Mozambique
923,Mozambique
924,Mozambique
925,Mozambique
926,Mozambique
927,Mozambique
928,Mozambique
929,Mozambique
930,Mozambique
931,Mozambique
932,Mozambique
933,Mozambique
934,Mozambique
935,Mozambique
936,Mozambique
937,Mozambique
938,Mozambique
939,Mozambique
940,Mozambique
941,Mozambique
942,Mozambique
943,Mozambique
944,Mozambique
945,Mozambique
946,Mozambique
947,Mozambique
948,Mozambique
949,Mozambique
950,Mozambique
951,Mozambique
952,Mozambique
953,Mozambique
954,Mozambique
955,Mozambique
956,Mozambique
957,Mozambique
958,Mozambique
959,Mozambique
960,Mozambique
961,Mozambique
962,Mozambique
963,Mozambique
964,Mozambique
965,Mozambique
966,Mozambique
967,Mozambique
968,Mozambique
969,Mozambique
970,Mozambique
971,Netherlands
972,Netherlands
973,Netherlands
974,Netherlands
975,Netherlands
976,Netherlands
977,Netherlands
978,Netherlands
979,Norway
980,Norway
981,Norway
982,Norway
983,Norway
984,Norway
985,Portugal
986,Portugal
987,Portugal
988,Portugal
989,Portugal
990,Portugal
991,Portugal
992,Portugal
993,Portugal
994,Portugal
995,Portugal
996,Portugal
997,Portugal
998,Romania
999,Romania
1000,Romania
1001,Romania
1002,Romania
1003,Sweden
1004,Sweden
1005,Sweden
1006,Sweden
1007,Sweden
1008,Sweden
1009,Sweden
1010,Sweden
1011,Sweden
1012,Sweden
1013,Sweden
1014,Sweden
1015,Sweden
1016,Sweden
1017,Senegal
1018,Senegal
1019,Senegal
1020,Senegal
1021,Senegal
1022,South Africa
1023,South Africa
1024,South Africa
1025,South Africa
1026,South Africa
1027,South Africa
1028,South Africa
1029,South Africa
1030,South Africa
1031,South Africa
1032,South Africa
1033,South Africa
1034,South Africa
1035,South Africa
1036,South Africa
1037,South Africa
1038,South Africa
1039,South Africa
1040,South Africa
1041,South Africa
1042,South Africa
1043,South Africa
1044,South Africa
1045,South Africa
1046,South Africa
1047,South Africa
1048,South Africa
1049,South Africa
1050,South Africa
1051,South Africa
1052,South Africa
1053,South Africa
1054,South Africa
1055,South Africa
1056,South Africa
1057,South Africa
1058,South Africa
1059,South Africa
1060,South Africa
1061,South Africa
1062,South Africa
1063,South Africa
1064,South Africa
1065,South Africa
1066,South Africa
1067,South Africa
1068,South Africa
1069,South Africa
1070,South Africa
1071,South Africa
1072,South Africa
1073,South Africa
1074,South Africa
1075,South Africa
1076,South Africa
1077,South Africa
1078,South Africa
1079,South Africa
1080,South Africa
1081,South Africa
1082,South Africa
1083,South Africa
1084,South Africa
1085,South Africa
1086,South Africa
1087,South Africa
1088,South Africa
1089,South Africa
1090,South Africa
1091,South Africa
1092,South Africa
1093,South Africa
1094,South Africa
1095,South Africa
1096,South Africa
1097,South Africa
1098,South Africa
1099,South Africa
1100,South Africa
1101,South Africa
1102,South Africa
1103,South Africa
1104,South Africa
1105,South Africa
1106,South Africa
1107,South Africa
1108,South Africa
1109,South Africa
1110,South Africa
1111,South Africa
1112,South Africa
1113,South Africa
1114,South Africa
1115,South Africa
1116,South Africa
1117,South Africa
1118,South Africa
1119,South Africa
1120,South Africa
1121,South Africa
1122,South Africa
1123,South Africa
1124,South Africa
1125,South Africa
1126,South Africa
1127,South Africa
1128,South Africa
1129,South Africa
1130,South Africa
1131,South Africa
1132,South Africa
1133,South Africa
1134,South Africa
1135,South Africa
1136,South Africa
1137,South Africa
1138,South Africa
1139,South Africa
1140,South Africa
1141,South Africa
1142,South Africa
1143,South Africa
1144,South Africa
1145,South Africa
1146,South Africa
1147,South Africa
1148,South Africa
1149,South Africa
1150,South Africa
1151,South Africa
1152,South Africa
1153,South Africa
1154,South Africa
1155,South Africa
1156,South Africa
1157,South Africa
1158,South Africa
1159,South Africa
1160,South Africa
1161,South Africa
1162,South Africa
1163,South Africa
1164,South Africa
1165,South Africa
1166,South Africa
1167,South Africa
1168,South Africa
1169,South Africa
1170,South Africa
1171,South Africa
1172,South Africa
1173,South Africa
1174,South Africa
1175,South Africa
1176,South Africa
1177,South Africa
1178,South Africa
1179,South Africa
1180,South Africa
1181,South Africa
1182,South Africa
1183,South Africa
1184,South Africa
1185,South Africa
1186,South Africa
1187,South Africa
1188,South Africa
1189,South Africa
1190,South Africa
1191,South Africa
1192,South Africa
1193,South Africa
1194,South Africa
1195,South Africa
1196,Zambia
1197,Zambia
1198,Zambia
1199,Zambia
1200,Zambia
1201,Zimbabwe
1202,Zimbabwe
1203,Zimbabwe
1204,Zimbabwe
1205,Zimbabwe
1206,Zimbabwe
1207,Zimbabwe
1208,Zimbabwe
1209,Zimbabwe
1210,Zimbabwe
1211,Zimbabwe
1212,Zimbabwe
1213,Zimbabwe
1214,Zimbabwe
1215,Zimbabwe
1216,Argentina
1217,Austria
1218,Austria
1219,Austria
1220,Brazil
1221,Brazil
1222,Brazil
1223,Brazil
1224,Brazil
1225,Brazil
1226,Brazil
1227,Brazil
1228,Brazil
1229,Brazil
1230,Brazil
1231,Brazil
1232,Brazil
1233,Brazil
1234,Brazil
1235,Brazil
1236,Brazil
1237,Brazil
1238,Brazil
1239,Brazil
1240,Brazil
1241,Brazil
1242,Brazil
1243,Brazil
1244,Brazil
1245,Brazil
1246,Brazil
1247,Brazil
1248,Brazil
1249,Brazil
1250,Brazil
1251,Brazil
1252,Brazil
1253,Brazil
1254,Brazil
1255,Brazil
1256,Brazil
1257,Brazil
1258,Brazil
1259,Brazil
1260,Brazil
1261,Brazil
1262,Brazil
1263,Brazil
1264,Brazil
1265,Brazil
1266,Brazil
1267,Brazil
1268,Brazil
1269,Brazil
1270,Brazil
1272,China
1273,Germany
1274,Germany
1275,Germany
1276,Denmark
1277,Denmark
1278,Denmark
1279,Denmark
1280,Denmark
1281,Denmark
1282,Spain
1283,Finland
1284,Finland
1285,Finland
1286,Greece
1287,India
1288,India
1289,India
1290,India
1291,India
1292,India
1293,India
1294,India
1295,India
1296,India
1297,India
1298,India
1299,India
1300,India
1301,India
1302,India
1303,India
1304,India
1305,India
1306,India
1307,India
1308,India
1309,India
1310,India
1311,India
1312,India
1313,India
1314,India
1315,India
1316,India
1317,India
1318,India
1319,India
1320,India
1321,India
1322,India
1323,India
1324,India
1325,India
1326,India
1327,India
1328,India
1329,India
1330,India
1331,India
1332,India
1333,India
1334,India
1335,India
1336,India
1337,India
1338,India
1339,India
1340,India
1341,India
1342,India
1343,India
1344,India
1345,India
1346,India
1347,India
1348,India
1349,India
1350,India
1351,India
1352,India
1353,India
1354,India
1355,India
1356,India
1357,India
1358,India
1359,India
1360,India
1361,India
1362,India
1363,India
1364,India
1365,India
1366,India
1367,India
1368,India
1369,India
1370,India
1371,India
1372,India
1373,India
1374,India
1375,India
1376,India
1377,India
1378,India
1379,India
1380,India
1381,India
1382,India
1383,India
1384,India
1385,India
1386,India
1387,India
1388,India
1389,India
1390,India
1391,India
1392,India
1393,India
1394,India
1395,India
1396,India
1397,India
1398,India
1399,India
1400,India
1401,India
1402,Italy
1403,Kenya
1404,Luxembourg
1405,Luxembourg
1406,Mozambique
1407,Norway
1408,Norway
1409,Norway
1410,Norway
1411,Norway
1412,Portugal
1413,Portugal
1414,Portugal
1415,Portugal
1416,Portugal
1417,Portugal
1418,Portugal
1419,Sweden
1420,Sweden
1421,Sweden
1422,Sweden
1423,Sweden
1424,Sweden
1425,Sweden
1426,Sweden
1427,Senegal
1428,Senegal
1429,Senegal
1430,Senegal
1431,Senegal
1432,Senegal
1433,Senegal
1434,Senegal
1435,Senegal
1436,Senegal
1437,Senegal
1438,Senegal
1439,Senegal
1440,Senegal
1441,Senegal
1442,Senegal
1443,Senegal
1444,Senegal
1445,Senegal
1446,Senegal
1447,Senegal
1448,Senegal
1449,Senegal
1450,Senegal
1451,Uganda
1452,Uganda
1453,United States
1454,South Africa
1455,South Africa
1456,South Africa
1457,South Africa
1458,South Africa
1459,South Africa
1460,South Africa
1461,South Africa
1462,South Africa
1463,South Africa
1464,South Africa
1465,South Africa
1466,South Africa
1467,South Africa
1468,South Africa
1469,South Africa
1470,South Africa
1471,South Africa
1472,South Africa
1473,South Africa
1474,South Africa
1475,South Africa
1476,South Africa
1477,South Africa
1478,South Africa
1479,South Africa
1480,South Africa
1481,South Africa
1482,South Africa
1483,South Africa
1484,South Africa
1485,South Africa
1486,South Africa
1487,South Africa
1488,South Africa
1489,South Africa
1490,South Africa
1491,South Africa
1492,South Africa
1493,South Africa
1494,South Africa
1495,South Africa
1496,South Africa
1497,South Africa
1498,South Africa
1499,South Africa
1500,South Africa
1501,South Africa
1502,South Africa
1503,South Africa
1504,South Africa
1505,South Africa
1506,South Africa
1507,South Africa
1508,South Africa
1509,South Africa
1510,South Africa
1511,South Africa
1512,South Africa
1513,South Africa
1514,South Africa
1515,South Africa
1516,South Africa
1517,South Africa
1518,South Africa
1519,South Africa
1520,South Africa
1521,South Africa
1522,South Africa
1523,South Africa
1524,South Africa
1525,South Africa
1526,South Africa
1527,South Africa
1528,South Africa
1529,South Africa
1530,South Africa
1531,South Africa
1532,South Africa
1533,South Africa
1534,South Africa
1535,South Africa
1536,South Africa
1537,South Africa
1538,South Africa
1539,South Africa
1540,South Africa
1541,South Africa
1542,South Africa
1543,South Africa
1544,South Africa
1545,South Africa
1546,South Africa
1547,South Africa
1548,South Africa
1549,South Africa
1550,South Africa
1551,South Africa
1552,South Africa
1553,South Africa
1554,South Africa
1555,South Africa
1556,South Africa
1557,South Africa
1558,South Africa
1559,South Africa
1560,South Africa
1561,South Africa
1562,South Africa
1563,South Africa
1564,South Africa
1565,South Africa
1566,South Africa
1567,South Africa
1568,South Africa
1569,South Africa
1570,South Africa
1571,South Africa
1572,South Africa
1573,South Africa
1574,Zimbabwe
1575,Zimbabwe
1576,Zimbabwe
1577,Zimbabwe
1578,Zimbabwe
1579,Zimbabwe
1580,Zimbabwe
1581,Zimbabwe
1582,Zambia
1583,Argentina
1584,Argentina
1585,Brazil
1586,Brazil
1587,Brazil
1588,Brazil
1589,Brazil
1590,Brazil
1591,Brazil
1592,Brazil
1593,Brazil
1594,Brazil
1595,Brazil
1596,Brazil
1597,Brazil
1598,Brazil
1599,Brazil
1600,Brazil
1601,Brazil
1602,Brazil
1603,Brazil
1604,Brazil
1605,Brazil
1606,Brazil
1607,Brazil
1608,Brazil
1609,Brazil
1610,Brazil
1611,Brazil
1612,Brazil
1613,Brazil
1614,Brazil
1615,Brazil
1616,Brazil
1617,Brazil
1618,Brazil
1619,Brazil
1620,Brazil
1621,Brazil
1622,Brazil
1623,Brazil
1624,Brazil
1625,Brazil
1626,Brazil
1627,Brazil
1628,Brazil
1629,Brazil
1630,Brazil
1631,Brazil
1632,Brazil
1633,Brazil
1634,Brazil
1635,Brazil
1636,Brazil
1637,Brazil
1638,Brazil
1639,Brazil
1640,Brazil
1641,Brazil
1642,Brazil
1643,Brazil
1644,Brazil
1645,Brazil
1646,Brazil
1647,Brazil
1648,China
1649,Cyprus
1650,Cyprus
1651,Cyprus
1652,Spain
1653,Spain
1654,Finland
1655,Finland
1656,United Kingdom
1657,India
1658,India
1659,India
1660,India
1661,India
1662,India
1663,India
1664,India
1665,India
1666,India
1667,India
1668,India
1669,India
1670,India
1671,India
1672,India
1673,India
1674,India
1675,India
1676,India
1677,India
1678,India
1679,India
1680,India
1681,India
1682,India
1683,India
1684,India
1685,India
1686,India
1687,India
1688,India
1689,India
1690,India
1691,India
1692,India
1693,India
1694,India
1695,India
1696,India
1697,India
1698,India
1699,India
1700,India
1701,India
1702,India
1703,India
1704,India
1705,India
1706,India
1707,India
1708,India
1709,India
1710,India
1711,India
1712,India
1713,India
1714,Italy
1715,Italy
1716,Mali
1717,Norway
1718,Norway
1719,Norway
1720,Norway
1721,Portugal
1722,Portugal
1723,Romania
1724,Romania
1725,Romania
1726,Romania
1727,Romania
1728,Romania
1729,Romania
1730,Romania
1731,Romania
1732,Romania
1733,Romania
1734,Romania
1735,Romania
1736,Sweden
1737,Sweden
1738,Sweden
1739,Sweden
1740,Slovakia
1741,Tanzania
1742,Tanzania
1743,Tanzania
1744,Tanzania
1745,Tanzania
1746,Tanzania
1747,Tanzania
1748,Tanzania
1749,Tanzania
1750,Tanzania
1751,Tanzania
1752,Tanzania
1753,Tanzania
1754,Tanzania
1755,Tanzania
1756,Tanzania
1757,Tanzania
1758,Tanzania
1759,Tanzania
1760,Tanzania
1761,Tanzania
1762,Tanzania
1763,Tanzania
1764,Tanzania
1765,Tanzania
1766,Tanzania
1767,Tanzania
1768,Tanzania
1769,Tanzania
1770,Tanzania
1771,Tanzania
1772,Tanzania
1773,Tanzania
1774,Tanzania
1775,Tanzania
1776,Tanzania
1777,Tanzania
1778,Tanzania
1779,Tanzania
1780,Tanzania
1781,Uganda
1782,Uganda
1783,Uganda
1784,South Africa
1785,South Africa
1786,South Africa
1787,South Africa
1788,South Africa
1789,South Africa
1790,South Africa
1791,South Africa
1792,South Africa
1793,South Africa
1794,South Africa
1795,South Africa
1796,South Africa
1797,South Africa
1798,South Africa
1799,South Africa
1800,South Africa
1801,South Africa
1802,South Africa
1803,South Africa
1804,South Africa
1805,South Africa
1806,South Africa
1807,South Africa
1808,South Africa
1809,Zambia
1810,Zambia
1811,Zambia
1812,Zambia
1813,Zambia
1814,Zambia
1815,Zambia
1816,Zambia
1817,Zambia
1818,Zambia
1819,Zambia
1820,Zambia
1821,Zambia
1822,Zambia
1823,Zambia
1824,Zambia
1825,Zambia
1826,Zambia
1827,Zambia
1828,Zambia
1829,Zambia
1830,Zambia
1831,Zambia
1832,Zambia
1833,Zambia
1834,Zambia
1835,Zambia
1836,Zambia
1837,Zambia
1838,Zambia
1839,Zambia
1840,Zambia
1841,Zambia
1842,Zambia
1843,Zambia
1844,Zambia
1845,Zambia
1846,Zambia
1847,Zambia
1848,Zambia
1849,Zambia
1850,Zambia
1851,Zambia
1852,Zambia
1853,Zambia
1854,Zambia
1855,Zambia
1856,Zambia
1857,Zambia
1858,Zambia
1859,Zambia
1860,Zambia
1861,Zambia
1862,Zambia
1863,Zambia
1864,Zambia
1865,Zambia
1866,Zambia
1867,Zambia
1868,Zambia
1869,Zambia
1870,Zambia
1871,Zambia
1872,Zambia
1873,Zambia
1874,Zambia
1875,Zambia
1876,Zambia
1877,Zambia
1878,Zambia
1879,Zambia
1880,Zambia
1881,Zambia
1882,Zambia
1883,Zambia
1884,Zambia
1885,Zambia
1886,Zambia
1887,Zambia
1888,Zambia
1889,Zambia
1890,Zambia
1891,Zambia
1892,Zambia
1893,Zambia
1894,Zambia
1895,Zambia
1896,Zambia
1897,Zambia
1898,Brazil
1899,Brazil
1900,Brazil
1901,Brazil
1902,Brazil
1903,Brazil
1904,Brazil
1905,Brazil
1906,Brazil
1907,Brazil
1908,Brazil
1909,Brazil
1910,Brazil
1911,Brazil
1912,Brazil
1913,Brazil
1914,Brazil
1915,Brazil
1916,Brazil
1917,Brazil
1918,Brazil
1919,Brazil
1920,Brazil
1921,Brazil
1922,Brazil
1923,Brazil
1924,Brazil
1925,Brazil
1926,Brazil
1927,Brazil
1928,Brazil
1929,Brazil
1930,Brazil
1931,Brazil
1932,Brazil
1933,Brazil
1934,Brazil
1935,Brazil
1936,Brazil
1937,Brazil
1938,Brazil
1939,Brazil
1940,Brazil
1941,Brazil
1942,Brazil
1943,Cyprus
1944,Cyprus
1945,Cyprus
1946,Cyprus
1947,Spain
1948,Spain
1949,Spain
1950,Spain
1951,India
1952,India
1953,India
1954,India
1955,India
1956,India
1957,India
1958,India
1959,India
1960,India
1961,India
1962,India
1963,India
1964,India
1965,India
1966,India
1967,India
1968,India
1969,India
1970,India
1971,India
1972,India
1973,India
1974,India
1975,India
1976,India
1977,India
1978,India
1979,India
1980,India
1981,India
1982,India
1983,India
1984,India
1985,India
1986,India
1987,India
1988,India
1989,India
1990,India
1991,India
1992,South Korea
1993,Nigeria
1994,Romania
1995,Romania
1996,Romania
1997,Romania
1998,Sweden
1999,Sweden
2000,Sweden
2001,Sweden
2002,Sweden
2003,Senegal
2004,Uganda
2005,Venezuela
2006,South Africa
2007,South Africa
2008,South Africa
2009,South Africa
2010,South Africa
2011,South Africa
2012,South Africa
2013,South Africa
2014,South Africa
2015,South Africa
2016,South Africa
2017,South Africa
2018,South Africa
2019,South Africa
2020,South Africa
2021,South Africa
2022,South Africa
2023,South Africa
2024,South Africa
2025,South Africa
2026,South Africa
2027,South Africa
2028,South Africa
2029,South Africa
2030,South Africa
2031,South Africa
2032,South Africa
2033,South Africa
2034,South Africa
2035,South Africa
2036,South Africa
2037,South Africa
2038,South Africa
2039,South Africa
2040,South Africa
2041,South Africa
2042,South Africa
2043,South Africa
2044,South Africa
2045,South Africa
2046,South Africa
2047,South Africa
2048,South Africa
2049,South Africa
2050,South Africa
2051,South Africa
2052,South Africa
2053,South Africa
2054,South Africa
2055,South Africa
2056,South Africa
2057,South Africa
2058,South Africa
2059,South Africa
2060,South Africa
2061,South Africa
2062,South Africa
2063,South Africa
2064,South Africa
2065,South Africa
2066,South Africa
2067,South Africa
2068,South Africa
2069,South Africa
2070,South Africa
2071,Brazil
2072,Brazil
2073,Brazil
2074,Brazil
2075,Brazil
2076,Brazil
2077,Brazil
2078,Brazil
2079,Brazil
2080,Brazil
2081,Brazil
2082,Brazil
2083,Brazil
2084,Brazil
2085,Brazil
2086,Brazil
2087,Brazil
2088,Brazil
2089,Brazil
2090,Brazil
2091,Dem. Rep. of Congo
2092,Dem. Rep. of Congo
2093,Dem. Rep. of Congo
2094,Dem. Rep. of Congo
2095,Dem. Rep. of Congo
2096,Dem. Rep. of Congo
2097,Dem. Rep. of Congo
2098,Dem. Rep. of Congo
2099,Dem. Rep. of Congo
2100,Dem. Rep. of Congo
2101,Dem. Rep. of Congo
2102,China
2103,China
2104,China
2105,China
2106,Spain
2107,Spain
2108,Spain
2109,Spain
2110,Spain
2111,Spain
2112,Spain
2113,Spain
2114,Spain
2115,Spain
2116,India
2117,India
2118,India
2119,India
2120,India
2121,India
2122,India
2123,India
2124,India
2125,India
2126,India
2127,India
2128,India
2129,India
2130,India
2131,India
2132,India
2133,India
2134,India
2135,India
2136,India
2137,India
2138,India
2139,India
2140,India
2141,India
2142,India
2143,India
2144,India
2145,India
2146,India
2147,India
2148,India
2149,India
2150,India
2151,India
2152,India
2153,India
2154,India
2155,India
2156,India
2157,India
2158,India
2159,India
2160,India
2161,India
2162,India
2163,India
2164,India
2165,India
2166,India
2167,India
2168,India
2169,India
2170,India
2171,India
2172,India
2173,India
2174,India
2175,India
2176,India
2177,India
2178,India
2179,India
2180,India
2181,India
2182,India
2183,India
2184,India
2185,India
2186,India
2187,India
2188,India
2189,India
2190,India
2191,India
2192,India
2193,India
2194,India
2195,India
2196,India
2197,India
2198,India
2199,India
2200,Italy
2201,Nigeria
2202,Romania
2203,Romania
2204,Romania
2205,Romania
2206,Senegal
2207,Senegal
2208,Senegal
2209,Senegal
2210,Senegal
2211,Senegal
2212,Tanzania
2213,Tanzania
2214,Tanzania
2215,Tanzania
2216,Tanzania
2217,Tanzania
2218,Tanzania
2219,South Africa
2220,South Africa
2221,South Africa
2222,South Africa
2223,South Africa
2224,South Africa
2225,South Africa
2226,South Africa
2227,South Africa
2228,South Africa
2229,South Africa
2230,South Africa
2231,South Africa
2232,South Africa
2233,South Africa
2234,South Africa
2235,South Africa
2236,South Africa
2237,South Africa
2238,South Africa
2239,South Africa
2240,South Africa
2241,South Africa
2242,South Africa
2243,South Africa
2244,South Africa
2245,South Africa
2246,South Africa
2247,South Africa
2248,South Africa
2249,South Africa
2250,South Africa
2251,South Africa
2252,South Africa
2253,South Africa
2254,South Africa
2255,South Africa
2256,South Africa
2257,South Africa
2258,South Africa
2259,South Africa
2260,Brazil
2261,Spain
2262,Spain
2263,Spain
2264,Spain
2265,Equatorial Guinea
2266,India
2267,India
2268,India
2269,India
2270,India
2271,India
2272,India
2273,India
2274,India
2275,India
2276,India
2277,India
2278,India
2279,India
2280,India
2281,Italy
2282,Italy
2283,Italy
2284,Italy
2285,Italy
2286,Italy
2287,Italy
2288,Italy
2289,South Korea
2290,Philippines
2291,Poland
2292,Portugal
2293,Portugal
2294,Portugal
2295,Portugal
2296,Portugal
2297,Romania
2298,Romania
2299,Romania
2300,Romania
2301,Romania
2302,Senegal
2303,Senegal
2304,Tanzania
2305,Zambia
2306,Zambia
2307,Zambia
2308,Zambia
2309,Zambia
2310,Zambia
2311,Zambia
2312,Zambia
2313,Zambia
2314,Zambia
2315,Zambia
2316,Zambia
2317,Zambia
2318,Zambia
2319,Zambia
2320,Zambia
2321,Zambia
2322,Zambia
2323,Zambia
2324,Zambia
2325,Zambia
2326,Zambia
2327,Zambia
2328,Zambia
2329,Zambia
2330,Zambia
2331,Zambia
2332,Zambia
2333,Zambia
2334,Zambia
2335,Zambia
2336,Zambia
2337,Zambia
2338,Zambia
2339,Zambia
2340,Zambia
2341,Zambia
2342,Zambia
2343,Zambia
2344,Zambia
2345,Zambia
2346,Zambia
2347,Zambia
2348,Zambia
2349,Zambia
2350,Zambia
2351,Zambia
2352,Zambia
2353,Zambia
2354,Zambia
2355,Zambia
2356,Zambia
2357,Zambia
2358,Zambia
2359,Zambia
2360,Zambia
2361,Zambia
2362,Zambia
2363,Zambia
2364,Zambia
2365,Zambia
2366,Zambia
2367,Zambia
2368,Zambia
2369,Zambia
2370,Zambia
2371,Zambia
2372,Zambia
2373,Zambia
2374,Zambia
2375,Zambia
2376,Zambia
2377,Zambia
2378,Zambia
2379,Zambia
2380,Zambia
2381,Zambia
2382,Zambia
2383,Zambia
2384,Zambia
2385,Zambia
2386,Zambia
2387,Zambia
2388,Zambia
2389,Zambia
2390,Zambia
2391,Zambia
2392,Zambia
2393,Zambia
2394,Zambia
2395,Zambia
2396,Zambia
2397,Zambia
2398,Zambia
2399,Zambia
2400,Zambia
2401,Zambia
2402,Zambia
2403,Zambia
2404,Zambia
2405,Zambia
2406,Zambia
2407,Zambia
2408,Zambia
2409,Zambia
2410,Zambia
2411,Zambia
2412,Zambia
2413,Zambia
2414,Zambia
2415,Zambia
2416,Zambia
2417,Zambia
2418,Zambia
2419,Zambia
2420,Zambia
2421,Zambia
2422,Zambia
2423,Zambia
2424,Zambia
2425,Zambia
2426,Zambia
2427,Zambia
2428,Zambia
2429,Zambia
2430,Zambia
2431,Zambia
2432,Zambia
2433,Zambia
2434,Zambia
2435,Zambia
2436,Zambia
2437,Zambia
2438,Zambia
2439,Zambia
2440,Zambia
2441,Zambia
2442,Zambia
2443,Zambia
2444,Zambia
2445,Zambia
2446,Zambia
2447,Zambia
2448,Zambia
2449,Zambia
2450,Zambia
2451,Zambia
2452,Zambia
2453,Zambia
2454,Zambia
2455,Zambia
2456,Zambia
2457,Zambia
2458,Zambia
2459,Zambia
2460,Zambia
2461,Zambia
2462,Zambia
2463,Zambia
2464,Zambia
2465,Zambia
2466,Zambia
2467,Zambia
2468,Zambia
2469,Zambia
2470,Zambia
2471,Zambia
2472,Zambia
2473,Zambia
2474,Zambia
2475,Zambia
2476,Zambia
2477,Zambia
2478,Zambia
2479,Zambia
2480,Zambia
2481,Zambia
2482,Zambia
2483,Zambia
2484,Zambia
2485,Zambia
2486,Zambia
2487,Zambia
2488,Zambia
2489,Zambia
2490,Zambia
2491,Zambia
2492,Zambia
2493,Zambia
2494,Zambia
2495,Zambia
2496,Zambia
2497,Zambia
2498,Zambia
2499,Zambia
2500,Zambia
2501,Zambia
2502,Zambia
2503,Zambia
2504,Zambia
2505,Zambia
2506,Zambia
2507,Zambia
2508,Zambia
2509,Zambia
2510,Zambia
2511,Zambia
2512,Zambia
2513,Zambia
2514,Zambia
2515,Zambia
2516,Zambia
2517,Zambia
2518,Zambia
2519,Zambia
2520,Zambia
2521,Zambia
2522,Zambia
2523,Zambia
2524,Zambia
2525,Zambia
2526,Zambia
2527,Zambia
2528,Zambia
2529,Zambia
2530,Zambia
2531,Zambia
2532,Zambia
2533,Zambia
2534,Zambia
2535,Zambia
2536,Zambia
2537,Zambia
2538,Zambia
2539,Zambia
2540,Zambia
2541,Zambia
2542,Zambia
2543,Zambia
2544,Zambia
2545,Zambia
2546,Zambia
2547,Zambia
2548,Zambia
2549,Zambia
2550,Zambia
2551,Zambia
2552,Zambia
2553,Zambia
2554,Zambia
2555,Zambia
2556,Zambia
2557,Zambia
2558,Zambia
2559,Zambia
2560,Zambia
2561,Zambia
2562,Zambia
2563,Zambia
2564,Zambia
2565,Zambia
2566,Zambia
2567,Zambia
2568,Zambia
2569,Zambia
2570,Zambia
2571,Zambia
2572,Zambia
2573,Zambia
2574,Zambia
2575,Zambia
2576,Zambia
2577,Zambia
2578,Zambia
2579,Zambia
2580,Zambia
2581,Zambia
2582,Zambia
2583,Zambia
2584,Zambia
2585,Zambia
2586,Zambia
2587,Zambia
2588,Zambia
2589,Zambia
2590,Zambia
2591,Zambia
2592,Zambia
2593,Zambia
2594,Zambia
2595,Zambia
2596,Zambia
2597,Zambia
2598,Zambia
2599,Zambia
2600,Zambia
2601,Zambia
2602,Zambia
2603,Zambia
2604,Zambia
2605,Zambia
2606,Zambia
2607,Zambia
2608,Zambia
2609,Zambia
2610,Zambia
2611,Zambia
2612,Zambia
2613,Zambia
2614,Zambia
2615,Zambia
2616,Zambia
2617,Zambia
2618,Zambia
2619,Zambia
2620,Zambia
2621,Zambia
2622,Zambia
2623,Zambia
2624,Zambia
2625,Zambia
2626,Zambia
2627,Zambia
2628,Zambia
2629,Zambia
2630,Zambia
2631,Zambia
2632,Zambia
2633,Zambia
2634,Zambia
2635,Zambia
2636,Zambia
2637,Zambia
2638,Zambia
2639,Zambia
2640,Zambia
2641,Zambia
2642,Zambia
2643,Zambia
2644,Zambia
2645,Zambia
2646,Zambia
2647,Zambia
2648,Zambia
2649,Zambia
2650,Zambia
2651,Zambia
2652,Zambia
2653,Zambia
2654,Zambia
2655,Zambia
2656,Zambia
2657,Zambia
2658,Zambia
2659,Zambia
2660,Zambia
2661,Zambia
2662,Zambia
2663,Zambia
2664,Zambia
2665,Zambia
2666,Zambia
2667,Zambia
2668,Zambia
2669,Zambia
2670,Zambia
2671,Zambia
2672,Zambia
2673,Zambia
2674,Zambia
2675,Zambia
2676,Zambia
2677,Zambia
2678,Zambia
2679,Zambia
2680,Zambia
2681,Zambia
2682,Zambia
2683,Zambia
2684,Zambia
2685,Zambia
2686,Zambia
2687,Zambia
2688,Zambia
2689,Zambia
2690,Zambia
2691,Zambia
2692,Zambia
2693,Zambia
2694,Zambia
2695,Zambia
2696,Zambia
2697,Zambia
2698,Zambia
2699,Zambia
2700,Zambia
2701,Zambia
2702,Zambia
2703,Zambia
2704,Zambia
2705,Zambia
2706,Zambia
2707,Zambia
2708,Zambia
2709,Zambia
2710,Zambia
2711,Zambia
2712,Zambia
2713,Zambia
2714,Zambia
2715,Zambia
2716,Zambia
2717,Zambia
2718,Zambia
2719,Zambia
2720,Zambia
2721,Zambia
2722,Zambia
2723,Zambia
2724,Zambia
2725,Zambia
2726,Zambia
2727,Zambia
2728,Zambia
2729,Zambia
2730,Zambia
2731,Zambia
2732,Zambia
2733,Zambia
2734,Zambia
2735,Zambia
2736,Zambia
2737,Zambia
2738,Zambia
2739,Zambia
2740,Zambia
2741,Zambia
2742,Zambia
2743,Zambia
2744,Zambia
2745,Zambia
2746,Zambia
2747,Zambia
2748,Zambia
2749,Zambia
2750,Zambia
2751,Zambia
2752,Zambia
2753,Zambia
2754,Zambia
2755,Zambia
2756,Zambia
2757,Zambia
2758,Zambia
2759,Zambia
2760,Zambia
2761,Zambia
2762,Zambia
2763,Zambia
2764,Zambia
2765,Zambia
2766,Zambia
2767,Zambia
2768,Zambia
2769,Zambia
2770,Zambia
2771,Zambia
2772,Zambia
2773,Zambia
2774,Zambia
2775,Zambia
2776,Zambia
2777,Zambia
2778,Zambia
2779,Zambia
2780,Zambia
2781,Zambia
2782,Zambia
2783,Zambia
2784,Zambia
2785,Zambia
2786,Zambia
2787,Zambia
2788,Zambia
2789,Zambia
2790,Zambia
2791,Zambia
2792,Zambia
2793,Zambia
2794,Zambia
2795,Zambia
2796,Zambia
2797,Zambia
2798,Zambia
2799,Zambia
2800,Brazil
2801,Brazil
2802,Brazil
2803,Brazil
2804,Brazil
2805,Brazil
2806,Brazil
2807,Brazil
2808,Brazil
2809,Brazil
2810,Brazil
2811,Brazil
2812,Brazil
2813,Brazil
2814,Brazil
2815,Brazil
2816,Brazil
2817,Brazil
2818,Brazil
2819,Brazil
2820,Brazil
2821,Brazil
2822,Brazil
2823,Brazil
2824,Cuba
2825,Spain
2826,Spain
2827,India
2828,India
2829,India
2830,India
2831,India
2832,India
2833,India
2834,India
2835,Poland
2836,Romania
2837,Romania
2838,Romania
2839,Senegal
2840,Tanzania
2841,Tanzania
2842,Tanzania
2843,Tanzania
2844,Tanzania
2845,Tanzania
2846,Tanzania
2847,Tanzania
2848,India
2849,India
2852,Ethiopia
2853,Ethiopia
2854,Ethiopia
2855,Ethiopia
2856,Ethiopia
2857,Ethiopia
2858,Ethiopia
2859,Somalia
2860,Zambia
2861,Zambia
2862,Belgium
2864,Senegal
2866,Uganda
2867,Djibouti
2868,Kenya
2869,Brazil
2878,India
2879,India
2880,India
2881,India
2883,Malawi
2885,Belgium
2887,India
2888,India
2889,India
2893,India
2894,Belgium
2895,Belgium
2897,Botswana
2898,Botswana
2899,Botswana
2900,Botswana
2901,Botswana
2902,Botswana
2903,Botswana
2904,Botswana
2905,Botswana
2906,Botswana
2907,Botswana
2908,Botswana
2909,Botswana
2910,Botswana
2911,Botswana
2912,Botswana
2913,Botswana
2914,Botswana
2915,Botswana
2916,Botswana
2917,Botswana
2918,Botswana
2919,Botswana
2920,Botswana
2921,Switzerland
2922,Switzerland
2924,Ethiopia
2925,Ethiopia
2926,Ethiopia
2928,Senegal
2929,Zambia
2930,Zambia
2935,Gabon
2936,Sweden
2937,Senegal
2938,Senegal
2939,Senegal
2940,Senegal
2941,Senegal
2942,Tanzania
2943,Tanzania
2944,Uganda
2945,Uganda
2946,Uganda
2947,Uganda
2948,Uganda
2949,Uganda
2950,United States
2951,South Africa
2952,South Africa
2953,South Africa
2954,Belgium
2955,Brazil
2956,Botswana
2957,Botswana
2958,Botswana
2959,Botswana
2960,Botswana
2961,Botswana
2962,Botswana
2963,China
2964,France
2965,Israel
2966,India
2967,India
2968,Italy
2969,Kenya
2970,Sudan
2971,Sweden
2972,Senegal
2973,Senegal
2974,Tanzania
2975,Tanzania
2976,Uganda
2977,United States
2978,United States
2980,United States
2981,United States
2982,South Africa
2983,South Africa
2984,South Africa
2985,South Africa
2986,South Africa
2987,South Africa
2988,South Africa
2989,South Africa
2990,Zambia
2991,Zambia
2992,Zambia
2993,Zambia
2994,Belgium
2995,Belgium
2996,Belgium
2997,Belgium
2998,Botswana
2999,Botswana
3000,Botswana
3001,Botswana
3002,Botswana
3003,Spain
3004,France
3005,France
3006,Israel
3007,Israel
3008,Israel
3009,Israel
3010,India
3011,India
3012,India
3013,India
3014,India
3015,India
3016,India
3017,Myanmar
3018,Sudan
3019,Sudan
3020,Sudan
3021,Sudan
3022,Sudan
3023,Sudan
3024,Sudan
3025,Sudan
3026,Sweden
3027,Sweden
3028,Sweden
3029,Sweden
3030,Sweden
3031,Sweden
3032,Sweden
3033,Sweden
3034,Sweden
3035,Sweden
3036,Sweden
3037,Sweden
3038,Senegal
3039,Senegal
3040,Senegal
3041,Senegal
3042,United States
3043,South Africa
3044,South Africa
3045,South Africa
3046,South Africa
3047,South Africa
3048,South Africa
3049,South Africa
3050,South Africa
3051,South Africa
3052,South Africa
3053,South Africa
3054,South Africa
3055,Zambia
3056,Zambia
3057,Zambia
3058,Zambia
3059,Zambia
3060,Zambia
3061,Zambia
3062,Zambia
3063,Zambia
3064,Zambia
3065,Zambia
3066,Zambia
3067,Zambia
3068,Zambia
3069,Zambia
