0,Europe
1,SouthernAfrica
2,SouthernAfrica
3,SouthernAfrica
4,SouthernAfrica
5,SouthernAfrica
6,SouthernAfrica
7,SouthernAfrica
8,SouthernAfrica
9,SouthernAfrica
10,SouthernAfrica
11,SouthernAfrica
12,SouthernAfrica
13,SouthernAfrica
14,SouthernAfrica
15,SouthernAfrica
16,SouthernAfrica
17,SouthernAfrica
18,SouthernAfrica
19,SouthernAfrica
20,SouthernAfrica
21,SouthernAfrica
22,SouthernAfrica
23,SouthernAfrica
24,SouthernAfrica
25,SouthernAfrica
26,SouthernAfrica
27,SouthernAfrica
28,Europe
29,Europe
30,Europe
31,Europe
32,Europe
33,Europe
34,Europe
35,Europe
36,Europe
37,Europe
38,Europe
39,HornOfAfrica
40,HornOfAfrica
41,HornOfAfrica
43,Asia
44,Asia
45,Asia
46,Asia
47,Asia
48,Europe
49,Europe
50,Europe
51,Europe
52,Europe
53,Europe
54,Europe
55,Europe
56,EastAfrica
57,SouthernAfrica
58,SouthernAfrica
59,SouthernAfrica
60,SouthernAfrica
61,SouthernAfrica
62,SouthernAfrica
63,SouthernAfrica
64,SouthernAfrica
65,SouthernAfrica
66,SouthernAfrica
67,SouthernAfrica
68,SouthernAfrica
69,SouthernAfrica
70,SouthernAfrica
71,SouthernAfrica
72,SouthernAfrica
73,SouthernAfrica
74,SouthernAfrica
75,SouthernAfrica
76,SouthernAfrica
77,SouthernAfrica
78,SouthernAfrica
79,SouthernAfrica
80,SouthernAfrica
81,SouthernAfrica
82,SouthernAfrica
83,SouthernAfrica
84,SouthernAfrica
85,SouthernAfrica
86,SouthernAfrica
87,SouthernAfrica
88,SouthernAfrica
89,SouthernAfrica
90,SouthernAfrica
91,SouthernAfrica
92,SouthernAfrica
93,SouthernAfrica
94,SouthernAfrica
95,SouthernAfrica
96,SouthernAfrica
97,SouthernAfrica
98,SouthernAfrica
99,SouthernAfrica
101,Europe
102,Europe
103,Europe
104,Europe
105,Europe
106,Europe
107,Europe
108,Europe
109,Europe
110,Europe
111,Europe
112,Europe
113,Europe
114,Europe
115,WestAfrica
116,HornOfAfrica
117,HornOfAfrica
118,HornOfAfrica
119,SouthAfrica
120,SouthAfrica
121,SouthAfrica
122,SouthAfrica
123,SouthAfrica
124,SouthAfrica
125,SouthAfrica
126,SouthAfrica
127,SouthAfrica
128,SouthAfrica
129,SouthAfrica
130,SouthAfrica
131,SouthAfrica
132,SouthAfrica
133,SouthAfrica
134,SouthAfrica
135,SouthAfrica
136,SouthAfrica
137,SouthAfrica
138,SouthAfrica
139,SouthAfrica
140,SouthAfrica
141,SouthAfrica
142,SouthAfrica
143,CentralAfrica
144,SouthAmerica
145,SouthAmerica
146,SouthAmerica
147,Europe
148,SouthAmerica
149,SouthAmerica
150,SouthAmerica
151,SouthAmerica
152,SouthernAfrica
153,SouthernAfrica
154,SouthernAfrica
155,SouthernAfrica
156,SouthernAfrica
157,SouthernAfrica
158,SouthernAfrica
159,SouthernAfrica
160,SouthernAfrica
161,SouthernAfrica
162,SouthernAfrica
163,SouthernAfrica
164,SouthernAfrica
165,SouthernAfrica
166,SouthernAfrica
167,SouthernAfrica
168,SouthernAfrica
169,SouthernAfrica
170,SouthernAfrica
171,SouthernAfrica
172,SouthernAfrica
173,SouthernAfrica
174,SouthernAfrica
175,SouthernAfrica
176,SouthernAfrica
177,SouthernAfrica
178,SouthernAfrica
179,SouthernAfrica
180,SouthernAfrica
181,SouthernAfrica
182,SouthernAfrica
183,SouthernAfrica
184,SouthernAfrica
185,SouthernAfrica
186,SouthernAfrica
187,SouthernAfrica
188,SouthernAfrica
189,SouthernAfrica
190,SouthernAfrica
191,SouthernAfrica
192,SouthernAfrica
193,SouthernAfrica
194,SouthernAfrica
195,SouthernAfrica
196,SouthernAfrica
197,SouthernAfrica
198,SouthernAfrica
199,SouthernAfrica
200,SouthernAfrica
201,SouthernAfrica
202,SouthernAfrica
203,SouthernAfrica
204,SouthernAfrica
205,SouthernAfrica
206,SouthernAfrica
207,SouthernAfrica
208,SouthernAfrica
209,SouthernAfrica
210,SouthernAfrica
211,SouthernAfrica
212,SouthernAfrica
213,SouthernAfrica
214,SouthernAfrica
215,SouthernAfrica
216,SouthernAfrica
217,SouthernAfrica
218,SouthernAfrica
219,SouthernAfrica
220,SouthernAfrica
221,SouthernAfrica
224,Europe
225,Europe
226,Europe
227,Europe
228,Asia
229,Asia
230,Asia
231,Asia
232,WestAfrica
233,WestAfrica
234,Europe
235,Europe
236,Europe
237,Europe
238,Europe
239,Europe
240,Europe
241,EastAfrica
242,EastAfrica
243,EastAfrica
244,EastAfrica
245,EastAfrica
246,EastAfrica
247,EastAfrica
248,EastAfrica
249,EastAfrica
250,EastAfrica
251,EastAfrica
252,EastAfrica
254,Europe
255,Europe
256,Europe
257,NorthAmerica
258,NorthAmerica
259,SouthAmerica
260,SouthAmerica
261,HornOfAfrica
262,HornOfAfrica
263,SouthAfrica
264,SouthAfrica
265,SouthAfrica
266,SouthAfrica
267,SouthAfrica
268,SouthAfrica
269,SouthAfrica
270,SouthAfrica
271,SouthAfrica
272,SouthAfrica
273,SouthAfrica
274,SouthAfrica
275,SouthAfrica
276,SouthAfrica
277,SouthAfrica
278,SouthAfrica
279,SouthAfrica
280,SouthAfrica
281,SouthAfrica
282,SouthAfrica
283,SouthAfrica
284,SouthAfrica
285,SouthAfrica
286,SouthAfrica
287,SouthAfrica
288,SouthAfrica
289,SouthAfrica
290,SouthAfrica
291,SouthAfrica
292,SouthAfrica
293,SouthAfrica
294,SouthAfrica
295,SouthAfrica
296,SouthAfrica
297,SouthAfrica
298,SouthAfrica
299,SouthAfrica
300,SouthAfrica
301,SouthAfrica
302,SouthAfrica
303,SouthAfrica
304,SouthAfrica
305,SouthAfrica
306,SouthAfrica
307,SouthAfrica
308,SouthAfrica
309,SouthAfrica
310,SouthAfrica
311,SouthAfrica
312,SouthAfrica
313,SouthAfrica
314,SouthAfrica
315,SouthAfrica
316,SouthAfrica
317,SouthAfrica
318,SouthAfrica
319,SouthAfrica
320,SouthAfrica
321,SouthAfrica
322,SouthAfrica
323,SouthAfrica
324,SouthAfrica
325,SouthAfrica
326,SouthAfrica
327,SouthAfrica
328,SouthAfrica
329,SouthAfrica
330,SouthAfrica
331,SouthAfrica
332,SouthAfrica
333,SouthAfrica
334,SouthAfrica
335,SouthAfrica
336,SouthAfrica
337,SouthAfrica
338,SouthAfrica
339,SouthAfrica
340,SouthAfrica
341,CentralAfrica
342,CentralAfrica
343,CentralAfrica
344,CentralAfrica
345,CentralAfrica
346,CentralAfrica
347,SouthernAfrica
348,SouthernAfrica
349,SouthernAfrica
350,SouthAmerica
351,Europe
352,EastAfrica
353,EastAfrica
354,EastAfrica
355,EastAfrica
356,EastAfrica
357,EastAfrica
358,EastAfrica
359,EastAfrica
360,EastAfrica
361,EastAfrica
362,EastAfrica
363,EastAfrica
364,EastAfrica
365,EastAfrica
366,EastAfrica
367,EastAfrica
368,EastAfrica
369,EastAfrica
370,EastAfrica
371,EastAfrica
372,EastAfrica
373,EastAfrica
374,EastAfrica
375,EastAfrica
376,EastAfrica
377,EastAfrica
378,EastAfrica
379,EastAfrica
380,EastAfrica
381,EastAfrica
382,EastAfrica
383,EastAfrica
384,EastAfrica
385,EastAfrica
386,EastAfrica
387,EastAfrica
388,EastAfrica
389,EastAfrica
390,EastAfrica
391,EastAfrica
392,EastAfrica
393,EastAfrica
394,EastAfrica
395,EastAfrica
396,EastAfrica
397,EastAfrica
398,EastAfrica
399,EastAfrica
400,EastAfrica
401,EastAfrica
402,EastAfrica
403,EastAfrica
404,EastAfrica
405,EastAfrica
406,EastAfrica
407,EastAfrica
408,EastAfrica
409,EastAfrica
410,EastAfrica
411,EastAfrica
412,EastAfrica
413,EastAfrica
414,EastAfrica
415,EastAfrica
416,EastAfrica
417,EastAfrica
418,EastAfrica
419,EastAfrica
420,EastAfrica
421,EastAfrica
422,EastAfrica
423,EastAfrica
424,EastAfrica
425,EastAfrica
426,EastAfrica
427,EastAfrica
428,EastAfrica
429,EastAfrica
430,EastAfrica
431,EastAfrica
432,EastAfrica
433,EastAfrica
434,EastAfrica
435,EastAfrica
436,EastAfrica
437,EastAfrica
438,EastAfrica
439,EastAfrica
440,EastAfrica
441,EastAfrica
442,EastAfrica
443,SouthAmerica
444,SouthAmerica
445,SouthAmerica
446,SouthAmerica
447,SouthAmerica
448,SouthAmerica
449,SouthAmerica
450,SouthAmerica
451,SouthAmerica
452,SouthAmerica
453,SouthAmerica
454,SouthAmerica
455,SouthAmerica
456,SouthAmerica
457,CentralAfrica
458,CentralAfrica
459,CentralAfrica
460,CentralAfrica
461,CentralAfrica
462,CentralAfrica
463,CentralAfrica
465,Europe
466,Europe
467,HornOfAfrica
468,Europe
469,Asia
470,Asia
471,Asia
472,Asia
473,Asia
474,Asia
475,SouthernAfrica
476,SouthernAfrica
477,SouthernAfrica
478,SouthernAfrica
479,SouthernAfrica
480,SouthernAfrica
481,SouthernAfrica
482,SouthernAfrica
483,SouthernAfrica
484,SouthernAfrica
485,SouthernAfrica
486,SouthernAfrica
487,SouthernAfrica
488,SouthernAfrica
489,SouthernAfrica
490,SouthernAfrica
491,SouthernAfrica
492,SouthernAfrica
493,SouthernAfrica
494,SouthernAfrica
495,SouthernAfrica
496,SouthernAfrica
497,SouthernAfrica
498,SouthernAfrica
499,SouthernAfrica
500,SouthernAfrica
501,SouthernAfrica
502,SouthernAfrica
503,SouthernAfrica
504,SouthernAfrica
505,SouthernAfrica
506,SouthernAfrica
507,SouthernAfrica
508,SouthernAfrica
509,SouthernAfrica
510,SouthernAfrica
511,SouthernAfrica
512,SouthernAfrica
513,SouthernAfrica
514,SouthernAfrica
515,SouthernAfrica
516,SouthernAfrica
517,SouthernAfrica
518,SouthernAfrica
519,SouthernAfrica
520,SouthernAfrica
521,SouthernAfrica
522,SouthernAfrica
523,SouthernAfrica
524,SouthernAfrica
525,SouthernAfrica
526,SouthernAfrica
527,SouthernAfrica
528,SouthernAfrica
529,SouthernAfrica
530,SouthernAfrica
531,SouthernAfrica
532,SouthernAfrica
533,SouthernAfrica
534,SouthernAfrica
535,SouthernAfrica
536,WestAfrica
537,WestAfrica
538,WestAfrica
539,SouthAfrica
540,SouthAfrica
541,SouthAfrica
542,SouthAfrica
543,SouthAfrica
544,SouthAfrica
545,SouthAfrica
546,SouthAfrica
547,SouthAfrica
548,SouthAfrica
549,SouthAfrica
550,SouthAfrica
551,SouthAfrica
552,SouthAfrica
553,SouthAfrica
554,SouthAfrica
555,SouthAfrica
556,SouthAfrica
557,SouthAfrica
558,SouthAfrica
559,SouthAfrica
560,SouthAfrica
561,SouthAfrica
562,SouthAfrica
563,SouthAfrica
564,SouthAfrica
565,SouthAfrica
566,SouthAfrica
567,SouthAfrica
568,SouthAfrica
569,SouthAfrica
570,SouthAfrica
571,SouthAfrica
572,SouthAfrica
573,SouthAfrica
574,SouthAfrica
575,SouthAfrica
576,SouthAfrica
577,SouthAfrica
578,SouthAfrica
579,SouthAfrica
580,SouthAfrica
581,SouthAfrica
582,SouthAfrica
583,SouthAfrica
584,SouthAfrica
585,SouthAfrica
586,EastAfrica
587,EastAfrica
588,EastAfrica
589,EastAfrica
590,EastAfrica
591,EastAfrica
592,EastAfrica
593,HornOfAfrica
594,HornOfAfrica
595,SouthAfrica
596,SouthAfrica
597,SouthAfrica
598,SouthAfrica
599,SouthAfrica
600,SouthAfrica
601,SouthAfrica
602,SouthAfrica
603,SouthAfrica
604,SouthAfrica
605,SouthAfrica
606,SouthAfrica
607,SouthAfrica
608,SouthAfrica
609,SouthAfrica
610,SouthAfrica
611,SouthAfrica
612,SouthAfrica
613,SouthAfrica
614,SouthAfrica
615,SouthAfrica
616,SouthAfrica
617,SouthAfrica
618,SouthAfrica
619,SouthAfrica
620,SouthAfrica
621,SouthAfrica
622,SouthAfrica
623,SouthAfrica
624,SouthAfrica
625,SouthAfrica
626,SouthAfrica
627,SouthAfrica
628,SouthAfrica
629,SouthAfrica
630,SouthAfrica
631,SouthAfrica
632,SouthAfrica
633,SouthAfrica
634,SouthAfrica
635,SouthAfrica
636,SouthAfrica
637,SouthAfrica
638,SouthAfrica
639,SouthAfrica
640,SouthAfrica
641,SouthAfrica
642,SouthAfrica
643,SouthAfrica
644,SouthAfrica
645,SouthAfrica
646,SouthAfrica
647,SouthAfrica
648,SouthAfrica
649,SouthAfrica
650,SouthAfrica
651,SouthAfrica
652,SouthAfrica
653,SouthAfrica
654,SouthAfrica
655,SouthAfrica
656,SouthAfrica
657,SouthAfrica
658,SouthAfrica
659,SouthAfrica
660,SouthAfrica
661,SouthAfrica
662,SouthAfrica
663,SouthAfrica
664,SouthAfrica
665,SouthAfrica
666,SouthAfrica
667,SouthAfrica
668,SouthAfrica
669,SouthAfrica
670,SouthAfrica
671,SouthAfrica
672,SouthAfrica
673,SouthAfrica
674,SouthAfrica
675,SouthAfrica
676,SouthAfrica
677,SouthAfrica
678,SouthAfrica
679,SouthAfrica
680,SouthAfrica
681,SouthAfrica
682,SouthAfrica
683,SouthAfrica
684,SouthAfrica
685,SouthAfrica
686,SouthAfrica
687,SouthAfrica
688,SouthAfrica
689,SouthAfrica
690,SouthAfrica
691,SouthAfrica
692,SouthAfrica
693,SouthAfrica
694,SouthAfrica
695,SouthAfrica
696,SouthAfrica
697,SouthAfrica
698,SouthAfrica
699,SouthAfrica
700,SouthAfrica
701,SouthAfrica
702,SouthAfrica
703,SouthAfrica
704,SouthAfrica
705,SouthAfrica
706,SouthAfrica
707,SouthAfrica
708,SouthAfrica
709,SouthAfrica
710,SouthAfrica
711,SouthAfrica
712,SouthAfrica
713,SouthAfrica
714,SouthAfrica
715,SouthAfrica
716,SouthAfrica
717,SouthAfrica
718,SouthAfrica
719,SouthAfrica
720,SouthAfrica
721,SouthAfrica
722,SouthAfrica
723,SouthAfrica
724,SouthAfrica
725,SouthAfrica
726,SouthAfrica
727,SouthAfrica
728,SouthAfrica
729,CentralAfrica
730,CentralAfrica
731,CentralAfrica
732,CentralAfrica
733,CentralAfrica
734,CentralAfrica
735,CentralAfrica
736,SouthAmerica
738,Europe
739,Europe
740,Europe
741,Europe
742,Europe
743,Europe
744,Europe
745,Europe
746,Europe
747,Europe
748,Europe
749,Europe
750,Europe
751,Europe
752,Europe
753,Europe
754,Europe
755,Europe
756,Europe
757,Europe
758,Europe
759,Europe
760,SouthAmerica
761,SouthAmerica
762,SouthAmerica
763,SouthAmerica
764,SouthAmerica
765,SouthAmerica
766,SouthAmerica
767,SouthAmerica
768,SouthAmerica
769,SouthAmerica
770,CentralAmerica
771,CentralAmerica
772,CentralAmerica
773,CentralAmerica
774,CentralAmerica
775,CentralAmerica
776,CentralAmerica
777,CentralAmerica
778,CentralAmerica
779,CentralAmerica
780,CentralAmerica
781,CentralAmerica
782,CentralAmerica
783,CentralAmerica
784,CentralAmerica
785,CentralAmerica
786,CentralAmerica
787,CentralAmerica
788,CentralAmerica
789,CentralAmerica
790,CentralAmerica
791,CentralAmerica
792,CentralAmerica
793,CentralAmerica
794,Europe
795,Europe
796,Europe
797,Europe
798,Europe
799,Europe
800,Europe
801,Europe
802,Europe
803,Europe
804,Europe
805,Europe
806,Europe
807,Europe
808,Europe
809,Europe
810,Europe
811,Europe
812,HornOfAfrica
813,HornOfAfrica
814,HornOfAfrica
815,HornOfAfrica
816,HornOfAfrica
817,HornOfAfrica
818,HornOfAfrica
819,HornOfAfrica
820,HornOfAfrica
821,HornOfAfrica
822,HornOfAfrica
823,HornOfAfrica
824,HornOfAfrica
825,HornOfAfrica
826,HornOfAfrica
827,HornOfAfrica
828,HornOfAfrica
829,HornOfAfrica
830,HornOfAfrica
831,HornOfAfrica
832,HornOfAfrica
833,HornOfAfrica
834,HornOfAfrica
835,HornOfAfrica
836,HornOfAfrica
837,HornOfAfrica
838,HornOfAfrica
839,HornOfAfrica
840,HornOfAfrica
841,HornOfAfrica
842,HornOfAfrica
843,HornOfAfrica
844,HornOfAfrica
845,HornOfAfrica
846,HornOfAfrica
847,HornOfAfrica
848,HornOfAfrica
849,HornOfAfrica
850,HornOfAfrica
851,HornOfAfrica
852,HornOfAfrica
853,HornOfAfrica
854,HornOfAfrica
855,HornOfAfrica
856,HornOfAfrica
857,HornOfAfrica
858,HornOfAfrica
859,HornOfAfrica
860,HornOfAfrica
861,HornOfAfrica
862,HornOfAfrica
863,HornOfAfrica
864,HornOfAfrica
865,HornOfAfrica
866,HornOfAfrica
867,HornOfAfrica
868,HornOfAfrica
869,HornOfAfrica
870,HornOfAfrica
871,HornOfAfrica
872,HornOfAfrica
873,HornOfAfrica
874,HornOfAfrica
875,HornOfAfrica
876,HornOfAfrica
877,HornOfAfrica
878,HornOfAfrica
879,HornOfAfrica
880,HornOfAfrica
881,HornOfAfrica
882,HornOfAfrica
883,HornOfAfrica
884,HornOfAfrica
885,HornOfAfrica
886,HornOfAfrica
887,HornOfAfrica
888,HornOfAfrica
889,HornOfAfrica
890,HornOfAfrica
891,HornOfAfrica
892,HornOfAfrica
893,HornOfAfrica
894,HornOfAfrica
895,HornOfAfrica
896,HornOfAfrica
897,HornOfAfrica
898,Europe
899,Europe
900,Europe
901,Europe
902,Europe
903,Europe
904,Europe
905,CentralAmerica
906,Asia
907,Europe
908,Europe
909,SouthernAfrica
910,SouthernAfrica
911,SouthernAfrica
912,SouthernAfrica
913,SouthernAfrica
914,SouthernAfrica
915,SouthernAfrica
916,SouthernAfrica
917,SouthernAfrica
918,SouthernAfrica
919,SouthernAfrica
920,SouthernAfrica
921,SouthernAfrica
922,SouthernAfrica
923,SouthernAfrica
924,SouthernAfrica
925,SouthernAfrica
926,SouthernAfrica
927,SouthernAfrica
928,SouthernAfrica
929,SouthernAfrica
930,SouthernAfrica
931,SouthernAfrica
932,SouthernAfrica
933,SouthernAfrica
934,SouthernAfrica
935,SouthernAfrica
936,SouthernAfrica
937,SouthernAfrica
938,SouthernAfrica
939,SouthernAfrica
940,SouthernAfrica
941,SouthernAfrica
942,SouthernAfrica
943,SouthernAfrica
944,SouthernAfrica
945,SouthernAfrica
946,SouthernAfrica
947,SouthernAfrica
948,SouthernAfrica
949,SouthernAfrica
950,SouthernAfrica
951,SouthernAfrica
952,SouthernAfrica
953,SouthernAfrica
954,SouthernAfrica
955,SouthernAfrica
956,SouthernAfrica
957,SouthernAfrica
958,SouthernAfrica
959,SouthernAfrica
960,SouthernAfrica
961,SouthernAfrica
962,SouthernAfrica
963,SouthernAfrica
964,SouthernAfrica
965,SouthernAfrica
966,SouthernAfrica
967,SouthernAfrica
968,SouthernAfrica
969,SouthernAfrica
970,SouthernAfrica
971,Europe
972,Europe
973,Europe
974,Europe
975,Europe
976,Europe
977,Europe
978,Europe
979,Europe
980,Europe
981,Europe
982,Europe
983,Europe
984,Europe
985,Europe
986,Europe
987,Europe
988,Europe
989,Europe
990,Europe
991,Europe
992,Europe
993,Europe
994,Europe
995,Europe
996,Europe
997,Europe
998,Europe
999,Europe
1000,Europe
1001,Europe
1002,Europe
1003,Europe
1004,Europe
1005,Europe
1006,Europe
1007,Europe
1008,Europe
1009,Europe
1010,Europe
1011,Europe
1012,Europe
1013,Europe
1014,Europe
1015,Europe
1016,Europe
1017,WestAfrica
1018,WestAfrica
1019,WestAfrica
1020,WestAfrica
1021,WestAfrica
1022,SouthAfrica
1023,SouthAfrica
1024,SouthAfrica
1025,SouthAfrica
1026,SouthAfrica
1027,SouthAfrica
1028,SouthAfrica
1029,SouthAfrica
1030,SouthAfrica
1031,SouthAfrica
1032,SouthAfrica
1033,SouthAfrica
1034,SouthAfrica
1035,SouthAfrica
1036,SouthAfrica
1037,SouthAfrica
1038,SouthAfrica
1039,SouthAfrica
1040,SouthAfrica
1041,SouthAfrica
1042,SouthAfrica
1043,SouthAfrica
1044,SouthAfrica
1045,SouthAfrica
1046,SouthAfrica
1047,SouthAfrica
1048,SouthAfrica
1049,SouthAfrica
1050,SouthAfrica
1051,SouthAfrica
1052,SouthAfrica
1053,SouthAfrica
1054,SouthAfrica
1055,SouthAfrica
1056,SouthAfrica
1057,SouthAfrica
1058,SouthAfrica
1059,SouthAfrica
1060,SouthAfrica
1061,SouthAfrica
1062,SouthAfrica
1063,SouthAfrica
1064,SouthAfrica
1065,SouthAfrica
1066,SouthAfrica
1067,SouthAfrica
1068,SouthAfrica
1069,SouthAfrica
1070,SouthAfrica
1071,SouthAfrica
1072,SouthAfrica
1073,SouthAfrica
1074,SouthAfrica
1075,SouthAfrica
1076,SouthAfrica
1077,SouthAfrica
1078,SouthAfrica
1079,SouthAfrica
1080,SouthAfrica
1081,SouthAfrica
1082,SouthAfrica
1083,SouthAfrica
1084,SouthAfrica
1085,SouthAfrica
1086,SouthAfrica
1087,SouthAfrica
1088,SouthAfrica
1089,SouthAfrica
1090,SouthAfrica
1091,SouthAfrica
1092,SouthAfrica
1093,SouthAfrica
1094,SouthAfrica
1095,SouthAfrica
1096,SouthAfrica
1097,SouthAfrica
1098,SouthAfrica
1099,SouthAfrica
1100,SouthAfrica
1101,SouthAfrica
1102,SouthAfrica
1103,SouthAfrica
1104,SouthAfrica
1105,SouthAfrica
1106,SouthAfrica
1107,SouthAfrica
1108,SouthAfrica
1109,SouthAfrica
1110,SouthAfrica
1111,SouthAfrica
1112,SouthAfrica
1113,SouthAfrica
1114,SouthAfrica
1115,SouthAfrica
1116,SouthAfrica
1117,SouthAfrica
1118,SouthAfrica
1119,SouthAfrica
1120,SouthAfrica
1121,SouthAfrica
1122,SouthAfrica
1123,SouthAfrica
1124,SouthAfrica
1125,SouthAfrica
1126,SouthAfrica
1127,SouthAfrica
1128,SouthAfrica
1129,SouthAfrica
1130,SouthAfrica
1131,SouthAfrica
1132,SouthAfrica
1133,SouthAfrica
1134,SouthAfrica
1135,SouthAfrica
1136,SouthAfrica
1137,SouthAfrica
1138,SouthAfrica
1139,SouthAfrica
1140,SouthAfrica
1141,SouthAfrica
1142,SouthAfrica
1143,SouthAfrica
1144,SouthAfrica
1145,SouthAfrica
1146,SouthAfrica
1147,SouthAfrica
1148,SouthAfrica
1149,SouthAfrica
1150,SouthAfrica
1151,SouthAfrica
1152,SouthAfrica
1153,SouthAfrica
1154,SouthAfrica
1155,SouthAfrica
1156,SouthAfrica
1157,SouthAfrica
1158,SouthAfrica
1159,SouthAfrica
1160,SouthAfrica
1161,SouthAfrica
1162,SouthAfrica
1163,SouthAfrica
1164,SouthAfrica
1165,SouthAfrica
1166,SouthAfrica
1167,SouthAfrica
1168,SouthAfrica
1169,SouthAfrica
1170,SouthAfrica
1171,SouthAfrica
1172,SouthAfrica
1173,SouthAfrica
1174,SouthAfrica
1175,SouthAfrica
1176,SouthAfrica
1177,SouthAfrica
1178,SouthAfrica
1179,SouthAfrica
1180,SouthAfrica
1181,SouthAfrica
1182,SouthAfrica
1183,SouthAfrica
1184,SouthAfrica
1185,SouthAfrica
1186,SouthAfrica
1187,SouthAfrica
1188,SouthAfrica
1189,SouthAfrica
1190,SouthAfrica
1191,SouthAfrica
1192,SouthAfrica
1193,SouthAfrica
1194,SouthAfrica
1195,SouthAfrica
1196,CentralAfrica
1197,CentralAfrica
1198,CentralAfrica
1199,CentralAfrica
1200,CentralAfrica
1201,SouthernAfrica
1202,SouthernAfrica
1203,SouthernAfrica
1204,SouthernAfrica
1205,SouthernAfrica
1206,SouthernAfrica
1207,SouthernAfrica
1208,SouthernAfrica
1209,SouthernAfrica
1210,SouthernAfrica
1211,SouthernAfrica
1212,SouthernAfrica
1213,SouthernAfrica
1214,SouthernAfrica
1215,SouthernAfrica
1216,SouthAmerica
1217,Europe
1218,Europe
1219,Europe
1220,SouthAmerica
1221,SouthAmerica
1222,SouthAmerica
1223,SouthAmerica
1224,SouthAmerica
1225,SouthAmerica
1226,SouthAmerica
1227,SouthAmerica
1228,SouthAmerica
1229,SouthAmerica
1230,SouthAmerica
1231,SouthAmerica
1232,SouthAmerica
1233,SouthAmerica
1234,SouthAmerica
1235,SouthAmerica
1236,SouthAmerica
1237,SouthAmerica
1238,SouthAmerica
1239,SouthAmerica
1240,SouthAmerica
1241,SouthAmerica
1242,SouthAmerica
1243,SouthAmerica
1244,SouthAmerica
1245,SouthAmerica
1246,SouthAmerica
1247,SouthAmerica
1248,SouthAmerica
1249,SouthAmerica
1250,SouthAmerica
1251,SouthAmerica
1252,SouthAmerica
1253,SouthAmerica
1254,SouthAmerica
1255,SouthAmerica
1256,SouthAmerica
1257,SouthAmerica
1258,SouthAmerica
1259,SouthAmerica
1260,SouthAmerica
1261,SouthAmerica
1262,SouthAmerica
1263,SouthAmerica
1264,SouthAmerica
1265,SouthAmerica
1266,SouthAmerica
1267,SouthAmerica
1268,SouthAmerica
1269,SouthAmerica
1270,SouthAmerica
1272,Asia
1273,Europe
1274,Europe
1275,Europe
1276,Europe
1277,Europe
1278,Europe
1279,Europe
1280,Europe
1281,Europe
1282,Europe
1283,Europe
1284,Europe
1285,Europe
1286,Europe
1287,Asia
1288,Asia
1289,Asia
1290,Asia
1291,Asia
1292,Asia
1293,Asia
1294,Asia
1295,Asia
1296,Asia
1297,Asia
1298,Asia
1299,Asia
1300,Asia
1301,Asia
1302,Asia
1303,Asia
1304,Asia
1305,Asia
1306,Asia
1307,Asia
1308,Asia
1309,Asia
1310,Asia
1311,Asia
1312,Asia
1313,Asia
1314,Asia
1315,Asia
1316,Asia
1317,Asia
1318,Asia
1319,Asia
1320,Asia
1321,Asia
1322,Asia
1323,Asia
1324,Asia
1325,Asia
1326,Asia
1327,Asia
1328,Asia
1329,Asia
1330,Asia
1331,Asia
1332,Asia
1333,Asia
1334,Asia
1335,Asia
1336,Asia
1337,Asia
1338,Asia
1339,Asia
1340,Asia
1341,Asia
1342,Asia
1343,Asia
1344,Asia
1345,Asia
1346,Asia
1347,Asia
1348,Asia
1349,Asia
1350,Asia
1351,Asia
1352,Asia
1353,Asia
1354,Asia
1355,Asia
1356,Asia
1357,Asia
1358,Asia
1359,Asia
1360,Asia
1361,Asia
1362,Asia
1363,Asia
1364,Asia
1365,Asia
1366,Asia
1367,Asia
1368,Asia
1369,Asia
1370,Asia
1371,Asia
1372,Asia
1373,Asia
1374,Asia
1375,Asia
1376,Asia
1377,Asia
1378,Asia
1379,Asia
1380,Asia
1381,Asia
1382,Asia
1383,Asia
1384,Asia
1385,Asia
1386,Asia
1387,Asia
1388,Asia
1389,Asia
1390,Asia
1391,Asia
1392,Asia
1393,Asia
1394,Asia
1395,Asia
1396,Asia
1397,Asia
1398,Asia
1399,Asia
1400,Asia
1401,Asia
1402,Europe
1403,EastAfrica
1404,Europe
1405,Europe
1406,SouthernAfrica
1407,Europe
1408,Europe
1409,Europe
1410,Europe
1411,Europe
1412,Europe
1413,Europe
1414,Europe
1415,Europe
1416,Europe
1417,Europe
1418,Europe
1419,Europe
1420,Europe
1421,Europe
1422,Europe
1423,Europe
1424,Europe
1425,Europe
1426,Europe
1427,WestAfrica
1428,WestAfrica
1429,WestAfrica
1430,WestAfrica
1431,WestAfrica
1432,WestAfrica
1433,WestAfrica
1434,WestAfrica
1435,WestAfrica
1436,WestAfrica
1437,WestAfrica
1438,WestAfrica
1439,WestAfrica
1440,WestAfrica
1441,WestAfrica
1442,WestAfrica
1443,WestAfrica
1444,WestAfrica
1445,WestAfrica
1446,WestAfrica
1447,WestAfrica
1448,WestAfrica
1449,WestAfrica
1450,WestAfrica
1451,EastAfrica
1452,EastAfrica
1453,NorthAmerica
1454,SouthAfrica
1455,SouthAfrica
1456,SouthAfrica
1457,SouthAfrica
1458,SouthAfrica
1459,SouthAfrica
1460,SouthAfrica
1461,SouthAfrica
1462,SouthAfrica
1463,SouthAfrica
1464,SouthAfrica
1465,SouthAfrica
1466,SouthAfrica
1467,SouthAfrica
1468,SouthAfrica
1469,SouthAfrica
1470,SouthAfrica
1471,SouthAfrica
1472,SouthAfrica
1473,SouthAfrica
1474,SouthAfrica
1475,SouthAfrica
1476,SouthAfrica
1477,SouthAfrica
1478,SouthAfrica
1479,SouthAfrica
1480,SouthAfrica
1481,SouthAfrica
1482,SouthAfrica
1483,SouthAfrica
1484,SouthAfrica
1485,SouthAfrica
1486,SouthAfrica
1487,SouthAfrica
1488,SouthAfrica
1489,SouthAfrica
1490,SouthAfrica
1491,SouthAfrica
1492,SouthAfrica
1493,SouthAfrica
1494,SouthAfrica
1495,SouthAfrica
1496,SouthAfrica
1497,SouthAfrica
1498,SouthAfrica
1499,SouthAfrica
1500,SouthAfrica
1501,SouthAfrica
1502,SouthAfrica
1503,SouthAfrica
1504,SouthAfrica
1505,SouthAfrica
1506,SouthAfrica
1507,SouthAfrica
1508,SouthAfrica
1509,SouthAfrica
1510,SouthAfrica
1511,SouthAfrica
1512,SouthAfrica
1513,SouthAfrica
1514,SouthAfrica
1515,SouthAfrica
1516,SouthAfrica
1517,SouthAfrica
1518,SouthAfrica
1519,SouthAfrica
1520,SouthAfrica
1521,SouthAfrica
1522,SouthAfrica
1523,SouthAfrica
1524,SouthAfrica
1525,SouthAfrica
1526,SouthAfrica
1527,SouthAfrica
1528,SouthAfrica
1529,SouthAfrica
1530,SouthAfrica
1531,SouthAfrica
1532,SouthAfrica
1533,SouthAfrica
1534,SouthAfrica
1535,SouthAfrica
1536,SouthAfrica
1537,SouthAfrica
1538,SouthAfrica
1539,SouthAfrica
1540,SouthAfrica
1541,SouthAfrica
1542,SouthAfrica
1543,SouthAfrica
1544,SouthAfrica
1545,SouthAfrica
1546,SouthAfrica
1547,SouthAfrica
1548,SouthAfrica
1549,SouthAfrica
1550,SouthAfrica
1551,SouthAfrica
1552,SouthAfrica
1553,SouthAfrica
1554,SouthAfrica
1555,SouthAfrica
1556,SouthAfrica
1557,SouthAfrica
1558,SouthAfrica
1559,SouthAfrica
1560,SouthAfrica
1561,SouthAfrica
1562,SouthAfrica
1563,SouthAfrica
1564,SouthAfrica
1565,SouthAfrica
1566,SouthAfrica
1567,SouthAfrica
1568,SouthAfrica
1569,SouthAfrica
1570,SouthAfrica
1571,SouthAfrica
1572,SouthAfrica
1573,SouthAfrica
1574,SouthernAfrica
1575,SouthernAfrica
1576,SouthernAfrica
1577,SouthernAfrica
1578,SouthernAfrica
1579,SouthernAfrica
1580,SouthernAfrica
1581,SouthernAfrica
1582,SouthernAfrica
1583,SouthAmerica
1584,SouthAmerica
1585,SouthAmerica
1586,SouthAmerica
1587,SouthAmerica
1588,SouthAmerica
1589,SouthAmerica
1590,SouthAmerica
1591,SouthAmerica
1592,SouthAmerica
1593,SouthAmerica
1594,SouthAmerica
1595,SouthAmerica
1596,SouthAmerica
1597,SouthAmerica
1598,SouthAmerica
1599,SouthAmerica
1600,SouthAmerica
1601,SouthAmerica
1602,SouthAmerica
1603,SouthAmerica
1604,SouthAmerica
1605,SouthAmerica
1606,SouthAmerica
1607,SouthAmerica
1608,SouthAmerica
1609,SouthAmerica
1610,SouthAmerica
1611,SouthAmerica
1612,SouthAmerica
1613,SouthAmerica
1614,SouthAmerica
1615,SouthAmerica
1616,SouthAmerica
1617,SouthAmerica
1618,SouthAmerica
1619,SouthAmerica
1620,SouthAmerica
1621,SouthAmerica
1622,SouthAmerica
1623,SouthAmerica
1624,SouthAmerica
1625,SouthAmerica
1626,SouthAmerica
1627,SouthAmerica
1628,SouthAmerica
1629,SouthAmerica
1630,SouthAmerica
1631,SouthAmerica
1632,SouthAmerica
1633,SouthAmerica
1634,SouthAmerica
1635,SouthAmerica
1636,SouthAmerica
1637,SouthAmerica
1638,SouthAmerica
1639,SouthAmerica
1640,SouthAmerica
1641,SouthAmerica
1642,SouthAmerica
1643,SouthAmerica
1644,SouthAmerica
1645,SouthAmerica
1646,SouthAmerica
1647,SouthAmerica
1648,Asia
1649,Europe
1650,Europe
1651,Europe
1652,Europe
1653,Europe
1654,Europe
1655,Europe
1656,Europe
1657,Asia
1658,Asia
1659,Asia
1660,Asia
1661,Asia
1662,Asia
1663,Asia
1664,Asia
1665,Asia
1666,Asia
1667,Asia
1668,Asia
1669,Asia
1670,Asia
1671,Asia
1672,Asia
1673,Asia
1674,Asia
1675,Asia
1676,Asia
1677,Asia
1678,Asia
1679,Asia
1680,Asia
1681,Asia
1682,Asia
1683,Asia
1684,Asia
1685,Asia
1686,Asia
1687,Asia
1688,Asia
1689,Asia
1690,Asia
1691,Asia
1692,Asia
1693,Asia
1694,Asia
1695,Asia
1696,Asia
1697,Asia
1698,Asia
1699,Asia
1700,Asia
1701,Asia
1702,Asia
1703,Asia
1704,Asia
1705,Asia
1706,Asia
1707,Asia
1708,Asia
1709,Asia
1710,Asia
1711,Asia
1712,Asia
1713,Asia
1714,Europe
1715,Europe
1716,WestAfrica
1717,Europe
1718,Europe
1719,Europe
1720,Europe
1721,Europe
1722,Europe
1723,Europe
1724,Europe
1725,Europe
1726,Europe
1727,Europe
1728,Europe
1729,Europe
1730,Europe
1731,Europe
1732,Europe
1733,Europe
1734,Europe
1735,Europe
1736,Europe
1737,Europe
1738,Europe
1739,Europe
1740,Europe
1741,EastAfrica
1742,EastAfrica
1743,EastAfrica
1744,EastAfrica
1745,EastAfrica
1746,EastAfrica
1747,EastAfrica
1748,EastAfrica
1749,EastAfrica
1750,EastAfrica
1751,EastAfrica
1752,EastAfrica
1753,EastAfrica
1754,EastAfrica
1755,EastAfrica
1756,EastAfrica
1757,EastAfrica
1758,EastAfrica
1759,EastAfrica
1760,EastAfrica
1761,EastAfrica
1762,EastAfrica
1763,EastAfrica
1764,EastAfrica
1765,EastAfrica
1766,EastAfrica
1767,EastAfrica
1768,EastAfrica
1769,EastAfrica
1770,EastAfrica
1771,EastAfrica
1772,EastAfrica
1773,EastAfrica
1774,EastAfrica
1775,EastAfrica
1776,EastAfrica
1777,EastAfrica
1778,EastAfrica
1779,EastAfrica
1780,EastAfrica
1781,EastAfrica
1782,EastAfrica
1783,EastAfrica
1784,SouthAfrica
1785,SouthAfrica
1786,SouthAfrica
1787,SouthAfrica
1788,SouthAfrica
1789,SouthAfrica
1790,SouthAfrica
1791,SouthAfrica
1792,SouthAfrica
1793,SouthAfrica
1794,SouthAfrica
1795,SouthAfrica
1796,SouthAfrica
1797,SouthAfrica
1798,SouthAfrica
1799,SouthAfrica
1800,SouthAfrica
1801,SouthAfrica
1802,SouthAfrica
1803,SouthAfrica
1804,SouthAfrica
1805,SouthAfrica
1806,SouthAfrica
1807,SouthAfrica
1808,SouthAfrica
1809,CentralAfrica
1810,CentralAfrica
1811,CentralAfrica
1812,CentralAfrica
1813,CentralAfrica
1814,CentralAfrica
1815,CentralAfrica
1816,CentralAfrica
1817,CentralAfrica
1818,CentralAfrica
1819,CentralAfrica
1820,CentralAfrica
1821,CentralAfrica
1822,CentralAfrica
1823,CentralAfrica
1824,CentralAfrica
1825,CentralAfrica
1826,CentralAfrica
1827,CentralAfrica
1828,CentralAfrica
1829,CentralAfrica
1830,CentralAfrica
1831,CentralAfrica
1832,CentralAfrica
1833,CentralAfrica
1834,CentralAfrica
1835,CentralAfrica
1836,CentralAfrica
1837,CentralAfrica
1838,CentralAfrica
1839,CentralAfrica
1840,CentralAfrica
1841,CentralAfrica
1842,CentralAfrica
1843,CentralAfrica
1844,CentralAfrica
1845,CentralAfrica
1846,CentralAfrica
1847,CentralAfrica
1848,CentralAfrica
1849,CentralAfrica
1850,CentralAfrica
1851,CentralAfrica
1852,CentralAfrica
1853,CentralAfrica
1854,CentralAfrica
1855,CentralAfrica
1856,CentralAfrica
1857,CentralAfrica
1858,CentralAfrica
1859,CentralAfrica
1860,CentralAfrica
1861,CentralAfrica
1862,CentralAfrica
1863,CentralAfrica
1864,CentralAfrica
1865,CentralAfrica
1866,CentralAfrica
1867,CentralAfrica
1868,CentralAfrica
1869,CentralAfrica
1870,CentralAfrica
1871,CentralAfrica
1872,CentralAfrica
1873,CentralAfrica
1874,CentralAfrica
1875,CentralAfrica
1876,CentralAfrica
1877,CentralAfrica
1878,CentralAfrica
1879,CentralAfrica
1880,CentralAfrica
1881,CentralAfrica
1882,CentralAfrica
1883,CentralAfrica
1884,CentralAfrica
1885,CentralAfrica
1886,CentralAfrica
1887,CentralAfrica
1888,CentralAfrica
1889,CentralAfrica
1890,CentralAfrica
1891,CentralAfrica
1892,CentralAfrica
1893,CentralAfrica
1894,CentralAfrica
1895,CentralAfrica
1896,CentralAfrica
1897,CentralAfrica
1898,SouthAmerica
1899,SouthAmerica
1900,SouthAmerica
1901,SouthAmerica
1902,SouthAmerica
1903,SouthAmerica
1904,SouthAmerica
1905,SouthAmerica
1906,SouthAmerica
1907,SouthAmerica
1908,SouthAmerica
1909,SouthAmerica
1910,SouthAmerica
1911,SouthAmerica
1912,SouthAmerica
1913,SouthAmerica
1914,SouthAmerica
1915,SouthAmerica
1916,SouthAmerica
1917,SouthAmerica
1918,SouthAmerica
1919,SouthAmerica
1920,SouthAmerica
1921,SouthAmerica
1922,SouthAmerica
1923,SouthAmerica
1924,SouthAmerica
1925,SouthAmerica
1926,SouthAmerica
1927,SouthAmerica
1928,SouthAmerica
1929,SouthAmerica
1930,SouthAmerica
1931,SouthAmerica
1932,SouthAmerica
1933,SouthAmerica
1934,SouthAmerica
1935,SouthAmerica
1936,SouthAmerica
1937,SouthAmerica
1938,SouthAmerica
1939,SouthAmerica
1940,SouthAmerica
1941,SouthAmerica
1942,SouthAmerica
1943,Europe
1944,Europe
1945,Europe
1946,Europe
1947,Europe
1948,Europe
1949,Europe
1950,Europe
1951,Asia
1952,Asia
1953,Asia
1954,Asia
1955,Asia
1956,Asia
1957,Asia
1958,Asia
1959,Asia
1960,Asia
1961,Asia
1962,Asia
1963,Asia
1964,Asia
1965,Asia
1966,Asia
1967,Asia
1968,Asia
1969,Asia
1970,Asia
1971,Asia
1972,Asia
1973,Asia
1974,Asia
1975,Asia
1976,Asia
1977,Asia
1978,Asia
1979,Asia
1980,Asia
1981,Asia
1982,Asia
1983,Asia
1984,Asia
1985,Asia
1986,Asia
1987,Asia
1988,Asia
1989,Asia
1990,Asia
1991,Asia
1992,Asia
1993,WestAfrica
1994,Europe
1995,Europe
1996,Europe
1997,Europe
1998,Europe
1999,Europe
2000,Europe
2001,Europe
2002,Europe
2003,WestAfrica
2004,EastAfrica
2005,SouthAmerica
2006,SouthAfrica
2007,SouthAfrica
2008,SouthAfrica
2009,SouthAfrica
2010,SouthAfrica
2011,SouthAfrica
2012,SouthAfrica
2013,SouthAfrica
2014,SouthAfrica
2015,SouthAfrica
2016,SouthAfrica
2017,SouthAfrica
2018,SouthAfrica
2019,SouthAfrica
2020,SouthAfrica
2021,SouthAfrica
2022,SouthAfrica
2023,SouthAfrica
2024,SouthAfrica
2025,SouthAfrica
2026,SouthAfrica
2027,SouthAfrica
2028,SouthAfrica
2029,SouthAfrica
2030,SouthAfrica
2031,SouthAfrica
2032,SouthAfrica
2033,SouthAfrica
2034,SouthAfrica
2035,SouthAfrica
2036,SouthAfrica
2037,SouthAfrica
2038,SouthAfrica
2039,SouthAfrica
2040,SouthAfrica
2041,SouthAfrica
2042,SouthAfrica
2043,SouthAfrica
2044,SouthAfrica
2045,SouthAfrica
2046,SouthAfrica
2047,SouthAfrica
2048,SouthAfrica
2049,SouthAfrica
2050,SouthAfrica
2051,SouthAfrica
2052,SouthAfrica
2053,SouthAfrica
2054,SouthAfrica
2055,SouthAfrica
2056,SouthAfrica
2057,SouthAfrica
2058,SouthAfrica
2059,SouthAfrica
2060,SouthAfrica
2061,SouthAfrica
2062,SouthAfrica
2063,SouthAfrica
2064,SouthAfrica
2065,SouthAfrica
2066,SouthAfrica
2067,SouthAfrica
2068,SouthAfrica
2069,SouthAfrica
2070,SouthAfrica
2071,SouthAmerica
2072,SouthAmerica
2073,SouthAmerica
2074,SouthAmerica
2075,SouthAmerica
2076,SouthAmerica
2077,SouthAmerica
2078,SouthAmerica
2079,SouthAmerica
2080,SouthAmerica
2081,SouthAmerica
2082,SouthAmerica
2083,SouthAmerica
2084,SouthAmerica
2085,SouthAmerica
2086,SouthAmerica
2087,SouthAmerica
2088,SouthAmerica
2089,SouthAmerica
2090,SouthAmerica
2091,CentralAfrica
2092,CentralAfrica
2093,CentralAfrica
2094,CentralAfrica
2095,CentralAfrica
2096,CentralAfrica
2097,CentralAfrica
2098,CentralAfrica
2099,CentralAfrica
2100,CentralAfrica
2101,CentralAfrica
2102,Asia
2103,Asia
2104,Asia
2105,Asia
2106,Europe
2107,Europe
2108,Europe
2109,Europe
2110,Europe
2111,Europe
2112,Europe
2113,Europe
2114,Europe
2115,Europe
2116,Asia
2117,Asia
2118,Asia
2119,Asia
2120,Asia
2121,Asia
2122,Asia
2123,Asia
2124,Asia
2125,Asia
2126,Asia
2127,Asia
2128,Asia
2129,Asia
2130,Asia
2131,Asia
2132,Asia
2133,Asia
2134,Asia
2135,Asia
2136,Asia
2137,Asia
2138,Asia
2139,Asia
2140,Asia
2141,Asia
2142,Asia
2143,Asia
2144,Asia
2145,Asia
2146,Asia
2147,Asia
2148,Asia
2149,Asia
2150,Asia
2151,Asia
2152,Asia
2153,Asia
2154,Asia
2155,Asia
2156,Asia
2157,Asia
2158,Asia
2159,Asia
2160,Asia
2161,Asia
2162,Asia
2163,Asia
2164,Asia
2165,Asia
2166,Asia
2167,Asia
2168,Asia
2169,Asia
2170,Asia
2171,Asia
2172,Asia
2173,Asia
2174,Asia
2175,Asia
2176,Asia
2177,Asia
2178,Asia
2179,Asia
2180,Asia
2181,Asia
2182,Asia
2183,Asia
2184,Asia
2185,Asia
2186,Asia
2187,Asia
2188,Asia
2189,Asia
2190,Asia
2191,Asia
2192,Asia
2193,Asia
2194,Asia
2195,Asia
2196,Asia
2197,Asia
2198,Asia
2199,Asia
2200,Europe
2201,WestAfrica
2202,Europe
2203,Europe
2204,Europe
2205,Europe
2206,WestAfrica
2207,WestAfrica
2208,WestAfrica
2209,WestAfrica
2210,WestAfrica
2211,WestAfrica
2212,EastAfrica
2213,EastAfrica
2214,EastAfrica
2215,EastAfrica
2216,EastAfrica
2217,EastAfrica
2218,EastAfrica
2219,SouthAfrica
2220,SouthAfrica
2221,SouthAfrica
2222,SouthAfrica
2223,SouthAfrica
2224,SouthAfrica
2225,SouthAfrica
2226,SouthAfrica
2227,SouthAfrica
2228,SouthAfrica
2229,SouthAfrica
2230,SouthAfrica
2231,SouthAfrica
2232,SouthAfrica
2233,SouthAfrica
2234,SouthAfrica
2235,SouthAfrica
2236,SouthAfrica
2237,SouthAfrica
2238,SouthAfrica
2239,SouthAfrica
2240,SouthAfrica
2241,SouthAfrica
2242,SouthAfrica
2243,SouthAfrica
2244,SouthAfrica
2245,SouthAfrica
2246,SouthAfrica
2247,SouthAfrica
2248,SouthAfrica
2249,SouthAfrica
2250,SouthAfrica
2251,SouthAfrica
2252,SouthAfrica
2253,SouthAfrica
2254,SouthAfrica
2255,SouthAfrica
2256,SouthAfrica
2257,SouthAfrica
2258,SouthAfrica
2259,SouthAfrica
2260,SouthAmerica
2261,Europe
2262,Europe
2263,Europe
2264,Europe
2265,WestAfrica
2266,Asia
2267,Asia
2268,Asia
2269,Asia
2270,Asia
2271,Asia
2272,Asia
2273,Asia
2274,Asia
2275,Asia
2276,Asia
2277,Asia
2278,Asia
2279,Asia
2280,Asia
2281,Europe
2282,Europe
2283,Europe
2284,Europe
2285,Europe
2286,Europe
2287,Europe
2288,Europe
2289,Asia
2290,Asia
2291,Europe
2292,Europe
2293,Europe
2294,Europe
2295,Europe
2296,Europe
2297,Europe
2298,Europe
2299,Europe
2300,Europe
2301,Europe
2302,WestAfrica
2303,WestAfrica
2304,EastAfrica
2305,CentralAfrica
2306,CentralAfrica
2307,CentralAfrica
2308,CentralAfrica
2309,CentralAfrica
2310,CentralAfrica
2311,CentralAfrica
2312,CentralAfrica
2313,CentralAfrica
2314,CentralAfrica
2315,CentralAfrica
2316,CentralAfrica
2317,CentralAfrica
2318,CentralAfrica
2319,CentralAfrica
2320,CentralAfrica
2321,CentralAfrica
2322,CentralAfrica
2323,CentralAfrica
2324,CentralAfrica
2325,CentralAfrica
2326,CentralAfrica
2327,CentralAfrica
2328,CentralAfrica
2329,CentralAfrica
2330,CentralAfrica
2331,CentralAfrica
2332,CentralAfrica
2333,CentralAfrica
2334,CentralAfrica
2335,CentralAfrica
2336,CentralAfrica
2337,CentralAfrica
2338,CentralAfrica
2339,CentralAfrica
2340,CentralAfrica
2341,CentralAfrica
2342,CentralAfrica
2343,CentralAfrica
2344,CentralAfrica
2345,CentralAfrica
2346,CentralAfrica
2347,CentralAfrica
2348,CentralAfrica
2349,CentralAfrica
2350,CentralAfrica
2351,CentralAfrica
2352,CentralAfrica
2353,CentralAfrica
2354,CentralAfrica
2355,CentralAfrica
2356,CentralAfrica
2357,CentralAfrica
2358,CentralAfrica
2359,CentralAfrica
2360,CentralAfrica
2361,CentralAfrica
2362,CentralAfrica
2363,CentralAfrica
2364,CentralAfrica
2365,CentralAfrica
2366,CentralAfrica
2367,CentralAfrica
2368,CentralAfrica
2369,CentralAfrica
2370,CentralAfrica
2371,CentralAfrica
2372,CentralAfrica
2373,CentralAfrica
2374,CentralAfrica
2375,CentralAfrica
2376,CentralAfrica
2377,CentralAfrica
2378,CentralAfrica
2379,CentralAfrica
2380,CentralAfrica
2381,CentralAfrica
2382,CentralAfrica
2383,CentralAfrica
2384,CentralAfrica
2385,CentralAfrica
2386,CentralAfrica
2387,CentralAfrica
2388,CentralAfrica
2389,CentralAfrica
2390,CentralAfrica
2391,CentralAfrica
2392,CentralAfrica
2393,CentralAfrica
2394,CentralAfrica
2395,CentralAfrica
2396,CentralAfrica
2397,CentralAfrica
2398,CentralAfrica
2399,CentralAfrica
2400,CentralAfrica
2401,CentralAfrica
2402,CentralAfrica
2403,CentralAfrica
2404,CentralAfrica
2405,CentralAfrica
2406,CentralAfrica
2407,CentralAfrica
2408,CentralAfrica
2409,CentralAfrica
2410,CentralAfrica
2411,CentralAfrica
2412,CentralAfrica
2413,CentralAfrica
2414,CentralAfrica
2415,CentralAfrica
2416,CentralAfrica
2417,CentralAfrica
2418,CentralAfrica
2419,CentralAfrica
2420,CentralAfrica
2421,CentralAfrica
2422,CentralAfrica
2423,CentralAfrica
2424,CentralAfrica
2425,CentralAfrica
2426,CentralAfrica
2427,CentralAfrica
2428,CentralAfrica
2429,CentralAfrica
2430,CentralAfrica
2431,CentralAfrica
2432,CentralAfrica
2433,CentralAfrica
2434,CentralAfrica
2435,CentralAfrica
2436,CentralAfrica
2437,CentralAfrica
2438,CentralAfrica
2439,CentralAfrica
2440,CentralAfrica
2441,CentralAfrica
2442,CentralAfrica
2443,CentralAfrica
2444,CentralAfrica
2445,CentralAfrica
2446,CentralAfrica
2447,CentralAfrica
2448,CentralAfrica
2449,CentralAfrica
2450,CentralAfrica
2451,CentralAfrica
2452,CentralAfrica
2453,CentralAfrica
2454,CentralAfrica
2455,CentralAfrica
2456,CentralAfrica
2457,CentralAfrica
2458,CentralAfrica
2459,CentralAfrica
2460,CentralAfrica
2461,CentralAfrica
2462,CentralAfrica
2463,CentralAfrica
2464,CentralAfrica
2465,CentralAfrica
2466,CentralAfrica
2467,CentralAfrica
2468,CentralAfrica
2469,CentralAfrica
2470,CentralAfrica
2471,CentralAfrica
2472,CentralAfrica
2473,CentralAfrica
2474,CentralAfrica
2475,CentralAfrica
2476,CentralAfrica
2477,CentralAfrica
2478,CentralAfrica
2479,CentralAfrica
2480,CentralAfrica
2481,CentralAfrica
2482,CentralAfrica
2483,CentralAfrica
2484,CentralAfrica
2485,CentralAfrica
2486,CentralAfrica
2487,CentralAfrica
2488,CentralAfrica
2489,CentralAfrica
2490,CentralAfrica
2491,CentralAfrica
2492,CentralAfrica
2493,CentralAfrica
2494,CentralAfrica
2495,CentralAfrica
2496,CentralAfrica
2497,CentralAfrica
2498,CentralAfrica
2499,CentralAfrica
2500,CentralAfrica
2501,CentralAfrica
2502,CentralAfrica
2503,CentralAfrica
2504,CentralAfrica
2505,CentralAfrica
2506,CentralAfrica
2507,CentralAfrica
2508,CentralAfrica
2509,CentralAfrica
2510,CentralAfrica
2511,CentralAfrica
2512,CentralAfrica
2513,CentralAfrica
2514,CentralAfrica
2515,CentralAfrica
2516,CentralAfrica
2517,CentralAfrica
2518,CentralAfrica
2519,CentralAfrica
2520,CentralAfrica
2521,CentralAfrica
2522,CentralAfrica
2523,CentralAfrica
2524,CentralAfrica
2525,CentralAfrica
2526,CentralAfrica
2527,CentralAfrica
2528,CentralAfrica
2529,CentralAfrica
2530,CentralAfrica
2531,CentralAfrica
2532,CentralAfrica
2533,CentralAfrica
2534,CentralAfrica
2535,CentralAfrica
2536,CentralAfrica
2537,CentralAfrica
2538,CentralAfrica
2539,CentralAfrica
2540,CentralAfrica
2541,CentralAfrica
2542,CentralAfrica
2543,CentralAfrica
2544,CentralAfrica
2545,CentralAfrica
2546,CentralAfrica
2547,CentralAfrica
2548,CentralAfrica
2549,CentralAfrica
2550,CentralAfrica
2551,CentralAfrica
2552,CentralAfrica
2553,CentralAfrica
2554,CentralAfrica
2555,CentralAfrica
2556,CentralAfrica
2557,CentralAfrica
2558,CentralAfrica
2559,CentralAfrica
2560,CentralAfrica
2561,CentralAfrica
2562,CentralAfrica
2563,CentralAfrica
2564,CentralAfrica
2565,CentralAfrica
2566,CentralAfrica
2567,CentralAfrica
2568,CentralAfrica
2569,CentralAfrica
2570,CentralAfrica
2571,CentralAfrica
2572,CentralAfrica
2573,CentralAfrica
2574,CentralAfrica
2575,CentralAfrica
2576,CentralAfrica
2577,CentralAfrica
2578,CentralAfrica
2579,CentralAfrica
2580,CentralAfrica
2581,CentralAfrica
2582,CentralAfrica
2583,CentralAfrica
2584,CentralAfrica
2585,CentralAfrica
2586,CentralAfrica
2587,CentralAfrica
2588,CentralAfrica
2589,CentralAfrica
2590,CentralAfrica
2591,CentralAfrica
2592,CentralAfrica
2593,CentralAfrica
2594,CentralAfrica
2595,CentralAfrica
2596,CentralAfrica
2597,CentralAfrica
2598,CentralAfrica
2599,CentralAfrica
2600,CentralAfrica
2601,CentralAfrica
2602,CentralAfrica
2603,CentralAfrica
2604,CentralAfrica
2605,CentralAfrica
2606,CentralAfrica
2607,CentralAfrica
2608,CentralAfrica
2609,CentralAfrica
2610,CentralAfrica
2611,CentralAfrica
2612,CentralAfrica
2613,CentralAfrica
2614,CentralAfrica
2615,CentralAfrica
2616,CentralAfrica
2617,CentralAfrica
2618,CentralAfrica
2619,CentralAfrica
2620,CentralAfrica
2621,CentralAfrica
2622,CentralAfrica
2623,CentralAfrica
2624,CentralAfrica
2625,CentralAfrica
2626,CentralAfrica
2627,CentralAfrica
2628,CentralAfrica
2629,CentralAfrica
2630,CentralAfrica
2631,CentralAfrica
2632,CentralAfrica
2633,CentralAfrica
2634,CentralAfrica
2635,CentralAfrica
2636,CentralAfrica
2637,CentralAfrica
2638,CentralAfrica
2639,CentralAfrica
2640,CentralAfrica
2641,CentralAfrica
2642,CentralAfrica
2643,CentralAfrica
2644,CentralAfrica
2645,CentralAfrica
2646,CentralAfrica
2647,CentralAfrica
2648,CentralAfrica
2649,CentralAfrica
2650,CentralAfrica
2651,CentralAfrica
2652,CentralAfrica
2653,CentralAfrica
2654,CentralAfrica
2655,CentralAfrica
2656,CentralAfrica
2657,CentralAfrica
2658,CentralAfrica
2659,CentralAfrica
2660,CentralAfrica
2661,CentralAfrica
2662,CentralAfrica
2663,CentralAfrica
2664,CentralAfrica
2665,CentralAfrica
2666,CentralAfrica
2667,CentralAfrica
2668,CentralAfrica
2669,CentralAfrica
2670,CentralAfrica
2671,CentralAfrica
2672,CentralAfrica
2673,CentralAfrica
2674,CentralAfrica
2675,CentralAfrica
2676,CentralAfrica
2677,CentralAfrica
2678,CentralAfrica
2679,CentralAfrica
2680,CentralAfrica
2681,CentralAfrica
2682,CentralAfrica
2683,CentralAfrica
2684,CentralAfrica
2685,CentralAfrica
2686,CentralAfrica
2687,CentralAfrica
2688,CentralAfrica
2689,CentralAfrica
2690,CentralAfrica
2691,CentralAfrica
2692,CentralAfrica
2693,CentralAfrica
2694,CentralAfrica
2695,CentralAfrica
2696,CentralAfrica
2697,CentralAfrica
2698,CentralAfrica
2699,CentralAfrica
2700,CentralAfrica
2701,CentralAfrica
2702,CentralAfrica
2703,CentralAfrica
2704,CentralAfrica
2705,CentralAfrica
2706,CentralAfrica
2707,CentralAfrica
2708,CentralAfrica
2709,CentralAfrica
2710,CentralAfrica
2711,CentralAfrica
2712,CentralAfrica
2713,CentralAfrica
2714,CentralAfrica
2715,CentralAfrica
2716,CentralAfrica
2717,CentralAfrica
2718,CentralAfrica
2719,CentralAfrica
2720,CentralAfrica
2721,CentralAfrica
2722,CentralAfrica
2723,CentralAfrica
2724,CentralAfrica
2725,CentralAfrica
2726,CentralAfrica
2727,CentralAfrica
2728,CentralAfrica
2729,CentralAfrica
2730,CentralAfrica
2731,CentralAfrica
2732,CentralAfrica
2733,CentralAfrica
2734,CentralAfrica
2735,CentralAfrica
2736,CentralAfrica
2737,CentralAfrica
2738,CentralAfrica
2739,CentralAfrica
2740,CentralAfrica
2741,CentralAfrica
2742,CentralAfrica
2743,CentralAfrica
2744,CentralAfrica
2745,CentralAfrica
2746,CentralAfrica
2747,CentralAfrica
2748,CentralAfrica
2749,CentralAfrica
2750,CentralAfrica
2751,CentralAfrica
2752,CentralAfrica
2753,CentralAfrica
2754,CentralAfrica
2755,CentralAfrica
2756,CentralAfrica
2757,CentralAfrica
2758,CentralAfrica
2759,CentralAfrica
2760,CentralAfrica
2761,CentralAfrica
2762,CentralAfrica
2763,CentralAfrica
2764,CentralAfrica
2765,CentralAfrica
2766,CentralAfrica
2767,CentralAfrica
2768,CentralAfrica
2769,CentralAfrica
2770,CentralAfrica
2771,CentralAfrica
2772,CentralAfrica
2773,CentralAfrica
2774,CentralAfrica
2775,CentralAfrica
2776,CentralAfrica
2777,CentralAfrica
2778,CentralAfrica
2779,CentralAfrica
2780,CentralAfrica
2781,CentralAfrica
2782,CentralAfrica
2783,CentralAfrica
2784,CentralAfrica
2785,CentralAfrica
2786,CentralAfrica
2787,CentralAfrica
2788,CentralAfrica
2789,CentralAfrica
2790,CentralAfrica
2791,CentralAfrica
2792,CentralAfrica
2793,CentralAfrica
2794,CentralAfrica
2795,CentralAfrica
2796,CentralAfrica
2797,CentralAfrica
2798,CentralAfrica
2799,CentralAfrica
2800,SouthAmerica
2801,SouthAmerica
2802,SouthAmerica
2803,SouthAmerica
2804,SouthAmerica
2805,SouthAmerica
2806,SouthAmerica
2807,SouthAmerica
2808,SouthAmerica
2809,SouthAmerica
2810,SouthAmerica
2811,SouthAmerica
2812,SouthAmerica
2813,SouthAmerica
2814,SouthAmerica
2815,SouthAmerica
2816,SouthAmerica
2817,SouthAmerica
2818,SouthAmerica
2819,SouthAmerica
2820,SouthAmerica
2821,SouthAmerica
2822,SouthAmerica
2823,SouthAmerica
2824,CentralAmerica
2825,Europe
2826,Europe
2827,Asia
2828,Asia
2829,Asia
2830,Asia
2831,Asia
2832,Asia
2833,Asia
2834,Asia
2835,Europe
2836,Europe
2837,Europe
2838,Europe
2839,WestAfrica
2840,EastAfrica
2841,EastAfrica
2842,EastAfrica
2843,EastAfrica
2844,EastAfrica
2845,EastAfrica
2846,EastAfrica
2847,EastAfrica
2848,Asia
2849,Asia
2852,HornOfAfrica
2853,HornOfAfrica
2854,HornOfAfrica
2855,HornOfAfrica
2856,HornOfAfrica
2857,HornOfAfrica
2858,HornOfAfrica
2859,HornOfAfrica
2860,CentralAfrica
2861,CentralAfrica
2862,Europe
2864,WestAfrica
2866,EastAfrica
2867,HornOfAfrica
2868,EastAfrica
2869,SouthAmerica
2878,Asia
2879,Asia
2880,Asia
2881,Asia
2883,SouthernAfrica
2885,Europe
2887,Asia
2888,Asia
2889,Asia
2893,Asia
2894,Europe
2895,Europe
2897,SouthernAfrica
2898,SouthernAfrica
2899,SouthernAfrica
2900,SouthernAfrica
2901,SouthernAfrica
2902,SouthernAfrica
2903,SouthernAfrica
2904,SouthernAfrica
2905,SouthernAfrica
2906,SouthernAfrica
2907,SouthernAfrica
2908,SouthernAfrica
2909,SouthernAfrica
2910,SouthernAfrica
2911,SouthernAfrica
2912,SouthernAfrica
2913,SouthernAfrica
2914,SouthernAfrica
2915,SouthernAfrica
2916,SouthernAfrica
2917,SouthernAfrica
2918,SouthernAfrica
2919,SouthernAfrica
2920,SouthernAfrica
2921,Europe
2922,Europe
2924,HornOfAfrica
2925,HornOfAfrica
2926,HornOfAfrica
2928,WestAfrica
2929,CentralAfrica
2930,CentralAfrica
2935,WestAfrica
2936,Europe
2937,WestAfrica
2938,WestAfrica
2939,WestAfrica
2940,WestAfrica
2941,WestAfrica
2942,EastAfrica
2943,EastAfrica
2944,EastAfrica
2945,EastAfrica
2946,EastAfrica
2947,EastAfrica
2948,EastAfrica
2949,EastAfrica
2950,NorthAmerica
2951,SouthAfrica
2952,SouthAfrica
2953,SouthAfrica
2954,Europe
2955,SouthAmerica
2956,SouthernAfrica
2957,SouthernAfrica
2958,SouthernAfrica
2959,SouthernAfrica
2960,SouthernAfrica
2961,SouthernAfrica
2962,SouthernAfrica
2963,Asia
2964,Europe
2965,Europe
2966,Asia
2967,Asia
2968,Europe
2969,EastAfrica
2970,HornOfAfrica
2971,Europe
2972,WestAfrica
2973,WestAfrica
2974,EastAfrica
2975,EastAfrica
2976,EastAfrica
2977,NorthAmerica
2978,NorthAmerica
2980,NorthAmerica
2981,NorthAmerica
2982,SouthAfrica
2983,SouthAfrica
2984,SouthAfrica
2985,SouthAfrica
2986,SouthAfrica
2987,SouthAfrica
2988,SouthAfrica
2989,SouthAfrica
2990,CentralAfrica
2991,CentralAfrica
2992,CentralAfrica
2993,CentralAfrica
2994,Europe
2995,Europe
2996,Europe
2997,Europe
2998,SouthernAfrica
2999,SouthernAfrica
3000,SouthernAfrica
3001,SouthernAfrica
3002,SouthernAfrica
3003,Europe
3004,Europe
3005,Europe
3006,Europe
3007,Europe
3008,Europe
3009,Europe
3010,Asia
3011,Asia
3012,Asia
3013,Asia
3014,Asia
3015,Asia
3016,Asia
3017,Asia
3018,HornOfAfrica
3019,HornOfAfrica
3020,HornOfAfrica
3021,HornOfAfrica
3022,HornOfAfrica
3023,HornOfAfrica
3024,HornOfAfrica
3025,HornOfAfrica
3026,Europe
3027,Europe
3028,Europe
3029,Europe
3030,Europe
3031,Europe
3032,Europe
3033,Europe
3034,Europe
3035,Europe
3036,Europe
3037,Europe
3038,WestAfrica
3039,WestAfrica
3040,WestAfrica
3041,WestAfrica
3042,NorthAmerica
3043,SouthAfrica
3044,SouthAfrica
3045,SouthAfrica
3046,SouthAfrica
3047,SouthAfrica
3048,SouthAfrica
3049,SouthAfrica
3050,SouthAfrica
3051,SouthAfrica
3052,SouthAfrica
3053,SouthAfrica
3054,SouthAfrica
3055,CentralAfrica
3056,CentralAfrica
3057,CentralAfrica
3058,CentralAfrica
3059,CentralAfrica
3060,CentralAfrica
3061,CentralAfrica
3062,CentralAfrica
3063,CentralAfrica
3064,CentralAfrica
3065,CentralAfrica
3066,CentralAfrica
3067,CentralAfrica
3068,CentralAfrica
3069,CentralAfrica
